additional_links,address,agent,baths,beds,commonhold_details,council_tax_band,country_code,currency,date_added,description,ground_rent,link,price,property_id,property_size,property_type,service_charge,tenure,time_remaining_on_lease,type,url,virtual_tour
"[""#/floorplan?activePlan=1&channel=RES_BUY"", ""#/floorplan?activePlan=2&channel=RES_BUY"", ""#/floorplan?channel=RES_BUY""]","Brook Furlong, Bembridge, Isle of Wight, PO35 5QR","Reduced on 17/01/2025
 by Clare Maton homes, Bembridge",0,4,"Describes how you own a property. There are different types of tenure - freehold, leasehold, and commonhold.",,GB,GBP,Reduced on 17/01/2025,"This wonderful detached house has been thoughtfully refurbished to provide all the needs for modern day living with bright, spacious and flexible accommodation. The refurbishment includes...",,https://www.rightmove.co.uk/properties/150945341#/?channel=RES_BUY,440000,150945341,,for-sale,,Leasehold (40 years),40 years,detached h,https://www.rightmove.co.uk/properties/150945341#/?channel=RES_BUY,
"[""#/floorplan?activePlan=1&channel=RES_BUY"", ""#/floorplan?activePlan=2&channel=RES_BUY"", ""#/floorplan?channel=RES_BUY"", ""https://media.rightmove.co.uk/155k/154001/157405826/154001_33631186_DOC_00_0000.pdf""]","Bembridge, Isle of Wight","Added on 27/01/2025
 by Spence Willard, Bembridge",0,4,"Describes how you own a property. There are different types of tenure - freehold, leasehold, and commonhold.",,GB,GBP,Added on 27/01/2025,A stunning and historic house on the beach in Bembridge. This impressive period home overlooks expansive gardens which extend to the water’s edge with gated access from Ducie Beach.,,https://www.rightmove.co.uk/properties/157405826#/?channel=RES_BUY,2650000,157405826,4136sq. ft,for-sale,,Leasehold (40 years),40 years,semi-detached h,https://www.rightmove.co.uk/properties/157405826#/?channel=RES_BUY,
"[""#/floorplan?activePlan=1&channel=RES_BUY"", ""#/floorplan?channel=RES_BUY"", ""https://media.rightmove.co.uk/75k/74555/87003201/74555_33337519_DOC_00_0000.pdf""]","Lane End Road, Bembridge","Added on 30/08/2024
 by Marvins, Cowes",0,5,"Describes how you own a property. There are different types of tenure - freehold, leasehold, and commonhold.",G,GB,GBP,Added on 30/08/2024,Offered to the market for the first time in 90 years is this substantial family five bedroom detached house with spacious gardens and a pool complex. St Hilary was built in 1933 for the parents of the current owners and sits in a lovely sized plot of approximately three quarters of an ac...,,https://www.rightmove.co.uk/properties/87003201#/?channel=RES_BUY,1495000,87003201,,for-sale,,Leasehold (90 years),90 years,h,https://www.rightmove.co.uk/properties/87003201#/?channel=RES_BUY,
"[""#/floorplan?activePlan=1&channel=RES_BUY"", ""#/floorplan?activePlan=2&channel=RES_BUY"", ""#/floorplan?channel=RES_BUY"", ""https://media.rightmove.co.uk/155k/154001/158420711/154001_33683734_DOC_00_0003.pdf""]","Bembridge, Isle of Wight","Added on 18/02/2025
 by Spence Willard, Bembridge",0,4,"Describes how you own a property. There are different types of tenure - freehold, leasehold, and commonhold.",,GB,GBP,Added on 18/02/2025,Enjoying fantastic and secluded gardens this substantial family property with garden annexe has been comprehensively remodelled with a stunning renovation and is situated on a sought-after road which leads to the beach in Bembridge.,,https://www.rightmove.co.uk/properties/158420711#/?channel=RES_BUY,1375000,158420711,3014sq. ft,for-sale,,Leasehold (40 years),40 years,h,https://www.rightmove.co.uk/properties/158420711#/?channel=RES_BUY,
"[""#/floorplan?activePlan=1&channel=RES_BUY"", ""#/floorplan?activePlan=2&channel=RES_BUY"", ""#/floorplan?channel=RES_BUY""]","Hillway Road, Bembridge, Isle of Wight","Reduced on 07/08/2024
 by Fine & Country, Isle of Wight",0,6,"Describes how you own a property. There are different types of tenure - freehold, leasehold, and commonhold.",,GB,GBP,Reduced on 07/08/2024,"This charming, detached house is accompanied by a modern 1 bedroom single-story annex, providing potential income opportunities, nestled on the outskirts of a sought-after village. The property offers spacious living areas, a beautiful garden, and the luxury of a hot tub house in its garden, perf...",,https://www.rightmove.co.uk/properties/149444312#/?channel=RES_BUY,1300000,149444312,,for-sale,,Leasehold (40 years),40 years,detached h,https://www.rightmove.co.uk/properties/149444312#/?channel=RES_BUY,
"[""#/floorplan?activePlan=1&channel=RES_BUY"", ""#/floorplan?channel=RES_BUY"", ""https://media.rightmove.co.uk/155k/154001/150138743/154001_33228317_DOC_00_0000.pdf""]","Bembridge, Isle of Wight","Reduced on 24/09/2024
 by Spence Willard, Bembridge",0,4,"Describes how you own a property. There are different types of tenure - freehold, leasehold, and commonhold.",,GB,GBP,Reduced on 24/09/2024,"Set in private and mature gardens on a leafy lane close to the beach in Bembridge, this substantial period property offers light accommodation with splendid garden outlook.",,https://www.rightmove.co.uk/properties/150138743#/?channel=RES_BUY,995000,150138743,2271sq. ft,for-sale,,Leasehold (40 years),40 years,detached h,https://www.rightmove.co.uk/properties/150138743#/?channel=RES_BUY,
"[""#/floorplan?activePlan=1&channel=RES_BUY"", ""#/floorplan?channel=RES_BUY"", ""https://media.rightmove.co.uk/155k/154001/156515258/154001_33571545_DOC_00_0000.pdf""]","Bembridge, Isle of Wight","Added on 06/01/2025
 by Spence Willard, Bembridge",0,5,"Describes how you own a property. There are different types of tenure - freehold, leasehold, and commonhold.",,GB,GBP,Added on 06/01/2025,"Beautifully refined following a complete refurbishment this substantial family home with mature gardens, enjoys a superb open plan living space and is close to Forelands beach.",,https://www.rightmove.co.uk/properties/156515258#/?channel=RES_BUY,950000,156515258,2519sq. ft,for-sale,,Leasehold (40 years),40 years,detached h,https://www.rightmove.co.uk/properties/156515258#/?channel=RES_BUY,
"[""#/floorplan?activePlan=1&channel=RES_BUY"", ""#/floorplan?activePlan=2&channel=RES_BUY"", ""#/floorplan?channel=RES_BUY""]","Swains Road, Bembridge, Isle of Wight, PO35 5XS","Reduced on 19/12/2024
 by Clare Maton homes, Bembridge",0,5,"Describes how you own a property. There are different types of tenure - freehold, leasehold, and commonhold.",,GB,GBP,Reduced on 19/12/2024,"This superb family sized home is situated within one of the most desirable areas of Bembridge, a location where one can be on the beach in moments or have an easy stroll into the village centre. ...",,https://www.rightmove.co.uk/properties/147032024#/?channel=RES_BUY,895000,147032024,,for-sale,,Leasehold (30 years),30 years,semi-detached h,https://www.rightmove.co.uk/properties/147032024#/?channel=RES_BUY,
"[""#/floorplan?activePlan=1&channel=RES_NEW"", ""#/floorplan?channel=RES_NEW"", ""https://media.rightmove.co.uk/155k/154001/153338579/154001_33415291_DOC_00_0000.pdf""]","Bembridge, Isle of Wight","Added on 03/10/2024
 by Spence Willard, Bembridge",0,4,"Describes how you own a property. There are different types of tenure - freehold, leasehold, and commonhold.",,GB,GBP,Added on 03/10/2024,"An impressive and substantial new family home in the sought after village of Bembridge, boasting a high energy efficiency ‘A’ rating and incorporates high specification materials and features.",,https://www.rightmove.co.uk/properties/153338579#/?channel=RES_BUY,875000,153338579,2368sq. ft,for-sale,,Leasehold (40 years),40 years,detached h,https://www.rightmove.co.uk/properties/153338579#/?channel=RES_BUY,
"[""#/floorplan?activePlan=1&channel=RES_BUY"", ""#/floorplan?channel=RES_BUY"", ""https://media.rightmove.co.uk/155k/154001/156681863/154001_33594230_DOC_00_0000.pdf""]","Bembridge , Isle of Wight","Added on 09/01/2025
 by Spence Willard, Bembridge",0,5,"Describes how you own a property. There are different types of tenure - freehold, leasehold, and commonhold.",,GB,GBP,Added on 09/01/2025,"Recently refurbished and deceptively spacious, this detached family home has south facing gardens, an impressive open plan kitchen and a versatile arrangement of accommodation up to five bedrooms.",,https://www.rightmove.co.uk/properties/156681863#/?channel=RES_BUY,875000,156681863,2100sq. ft,for-sale,,Leasehold (40 years),40 years,detached h,https://www.rightmove.co.uk/properties/156681863#/?channel=RES_BUY,
"[""#/floorplan?activePlan=1&channel=RES_BUY"", ""#/floorplan?channel=RES_BUY"", ""https://media.rightmove.co.uk/155k/154001/157513604/154001_33637335_DOC_00_0002.pdf""]","Bembridge, Isle of Wight","Added on 29/01/2025
 by Spence Willard, Bembridge",0,4,"Describes how you own a property. There are different types of tenure - freehold, leasehold, and commonhold.",,GB,GBP,Added on 29/01/2025,"Impressive family home with sea views and spacious rooms, garaging and south facing gardens.",,https://www.rightmove.co.uk/properties/157513604#/?channel=RES_BUY,875000,157513604,2239sq. ft,for-sale,,Leasehold (40 years),40 years,detached h,https://www.rightmove.co.uk/properties/157513604#/?channel=RES_BUY,
"[""#/floorplan?activePlan=1&channel=RES_NEW"", ""#/floorplan?channel=RES_NEW"", ""https://media.rightmove.co.uk/273k/272798/148368179/272798_S956773_DOC_00_0003.pdf""]","Plot 9, Turnstone Drive, Bembridge, Isle of Wight, PO35 5PP","Reduced on 20/11/2024
 by Elliott Lincoln, Covering the Isle of Wight",0,3,"Describes how you own a property. There are different types of tenure - freehold, leasehold, and commonhold.",,GB,GBP,Reduced on 20/11/2024,"A luxurious and sizeable home featuring a contemporary open-plan layout on the ground floor and vaulted ceilings in the bedrooms on the first floor. An energy efficient (EPC Rating A) future proofed property with solar panels, underfloor heating and air source heat pump.",,https://www.rightmove.co.uk/properties/148368179#/?channel=RES_BUY,825000,148368179,2077sq. ft,for-sale,,Leasehold (40 years),40 years,detached h,https://www.rightmove.co.uk/properties/148368179#/?channel=RES_BUY,
"[""#/floorplan?activePlan=1&channel=RES_BUY"", ""#/floorplan?activePlan=2&channel=RES_BUY"", ""#/floorplan?channel=RES_BUY""]","Pump Lane, Bembridge, Isle of Wight, PO35 5NG","Reduced on 28/08/2024
 by Clare Maton homes, Bembridge",0,4,"Describes how you own a property. There are different types of tenure - freehold, leasehold, and commonhold.",,GB,GBP,Reduced on 28/08/2024,"Gull Cottage is a beautifully presented, unique home which is situated in one of the most sought after locations within the village. Access to the beach is just meters away at the end of Ducie Avenue...",,https://www.rightmove.co.uk/properties/128107709#/?channel=RES_BUY,800000,128107709,,for-sale,,Leasehold (40 years),40 years,semi-detached h,https://www.rightmove.co.uk/properties/128107709#/?channel=RES_BUY,
"[""#/floorplan?activePlan=1&channel=RES_BUY"", ""#/floorplan?activePlan=2&channel=RES_BUY"", ""#/floorplan?channel=RES_BUY""]","Northclose Road, Bembridge, Isle of Wight, PO35 5XP","Reduced on 25/02/2025
 by Clare Maton homes, Bembridge",0,3,"Describes how you own a property. There are different types of tenure - freehold, leasehold, and commonhold.",,GB,GBP,Reduced on 25/02/2025,"Constructed in 2021, this wonderful modern detached home is beautifully presented throughout, offering fabulous living spaces, spacious bedrooms and good sized sunny gardens. Located within a quiet n...",,https://www.rightmove.co.uk/properties/155124065#/?channel=RES_BUY,800000,155124065,,for-sale,,Leasehold (40 years),40 years,detached h,https://www.rightmove.co.uk/properties/155124065#/?channel=RES_BUY,
"[""#/floorplan?activePlan=1&channel=RES_BUY"", ""#/floorplan?channel=RES_BUY"", ""https://media.rightmove.co.uk/273k/272798/156925526/272798_S971328_DOC_00_0001.pdf""]","Longlands Farmhouse, Bembridge, PO35 5PW","Reduced on 15/01/2025
 by Elliott Lincoln, Covering the Isle of Wight",0,3,"Describes how you own a property. There are different types of tenure - freehold, leasehold, and commonhold.",,GB,GBP,Reduced on 15/01/2025,"Longlands Farmhouse, an enchanting Grade II listed stone farmhouse brimming with charm and character with a new home feel. This quintessential chocolate box property, with its attractive thatched roof and beautifully preserved period features, offers a rare opportunity to own a slice of timele...",,https://www.rightmove.co.uk/properties/156925526#/?channel=RES_BUY,795000,156925526,2128sq. ft,for-sale,,Leasehold (40 years),40 years,detached h,https://www.rightmove.co.uk/properties/156925526#/?channel=RES_BUY,
"[""#/floorplan?activePlan=1&channel=RES_BUY"", ""#/floorplan?channel=RES_BUY"", ""https://media.rightmove.co.uk/155k/154001/148768172/154001_33144400_DOC_00_0000.pdf""]","Bembridge, Isle of Wight","Added on 05/06/2024
 by Spence Willard, Bembridge",0,4,"Describes how you own a property. There are different types of tenure - freehold, leasehold, and commonhold.",,GB,GBP,Added on 05/06/2024,A charming family home within very private and substantial gardens with gated driveway in a central and convenient position in Bembridge.,,https://www.rightmove.co.uk/properties/148768172#/?channel=RES_BUY,795000,148768172,1399sq. ft,for-sale,,Leasehold (40 years),40 years,h,https://www.rightmove.co.uk/properties/148768172#/?channel=RES_BUY,
"[""#/floorplan?activePlan=1&channel=RES_BUY"", ""#/floorplan?channel=RES_BUY"", ""https://media.rightmove.co.uk/155k/154001/148363700/154001_33120940_DOC_00_0000.pdf""]","Bembridge, Isle of Wight","Added on 24/05/2024
 by Spence Willard, Bembridge",0,4,"Describes how you own a property. There are different types of tenure - freehold, leasehold, and commonhold.",,GB,GBP,Added on 24/05/2024,"A short walk to the beach and secluded within a mature and private garden, this substantial and light family home enjoys a wealth of reception space and character",,https://www.rightmove.co.uk/properties/148363700#/?channel=RES_BUY,775000,148363700,1625sq. ft,for-sale,,Leasehold (40 years),40 years,detached h,https://www.rightmove.co.uk/properties/148363700#/?channel=RES_BUY,
"[""#/floorplan?activePlan=1&channel=RES_NEW"", ""#/floorplan?channel=RES_NEW"", ""https://media.rightmove.co.uk/155k/154001/154143620/154001_33462760_DOC_00_0000.pdf""]","Bembridge, Isle of Wight","Added on 24/10/2024
 by Spence Willard, Bembridge",0,4,"Describes how you own a property. There are different types of tenure - freehold, leasehold, and commonhold.",,GB,GBP,Added on 24/10/2024,"A stunning new home with period character, high energy efficiency and a superb specification and stylish interior. South facing enclosed gardens, off road parking and a detached garage.",,https://www.rightmove.co.uk/properties/154143620#/?channel=RES_BUY,775000,154143620,1615sq. ft,for-sale,,Leasehold (40 years),40 years,detached h,https://www.rightmove.co.uk/properties/154143620#/?channel=RES_BUY,
"[""#/floorplan?activePlan=1&channel=RES_BUY"", ""#/floorplan?activePlan=2&channel=RES_BUY"", ""#/floorplan?channel=RES_BUY""]","Longlands Farm, Sandown Road, Bembridge, Isle of Wight, PO35 5PW","Added on 14/02/2025
 by Clare Maton homes, Bembridge",0,4,"Describes how you own a property. There are different types of tenure - freehold, leasehold, and commonhold.",,GB,GBP,Added on 14/02/2025,"Set in the countryside on the outskirts of Bembridge, this former barn has been beautifully converted to provide a stunning home which blends all the requirements of modern day, eco-friendly living wh...",,https://www.rightmove.co.uk/properties/158278403#/?channel=RES_BUY,750000,158278403,,for-sale,,Leasehold (40 years),40 years,detached h,https://www.rightmove.co.uk/properties/158278403#/?channel=RES_BUY,
"[""#/floorplan?activePlan=1&channel=RES_BUY"", ""#/floorplan?activePlan=2&channel=RES_BUY"", ""#/floorplan?channel=RES_BUY""]","Tyne Walk, Bembridge, Isle of Wight, PO35 5XY","Added on 21/10/2024
 by Clare Maton homes, Bembridge",0,4,"Describes how you own a property. There are different types of tenure - freehold, leasehold, and commonhold.",,GB,GBP,Added on 21/10/2024,"Offered for sale chain free, this detached chalet bungalow is set within good sized gardens in a quiet cul-de-sac within Bembridge village. The accommodation is well presented, bright and s...",,https://www.rightmove.co.uk/properties/154005575#/?channel=RES_BUY,730000,154005575,,for-sale,,Leasehold (40 years),40 years,detached bungal,https://www.rightmove.co.uk/properties/154005575#/?channel=RES_BUY,
"[""#/floorplan?activePlan=1&channel=RES_BUY"", ""#/floorplan?channel=RES_BUY"", ""https://media.rightmove.co.uk/239k/238130/156743189/238130_12563640_DOC_01_0000.pdf""]","Egerton Road, Bembridge","Added on 10/01/2025
 by Red Squirrel Property Shop, Newport",0,4,"Describes how you own a property. There are different types of tenure - freehold, leasehold, and commonhold.",,GB,GBP,Added on 10/01/2025,"This stunning 4 bedroom bungalow is located in the ever popular village of Bembridge, within walking distance to local shops and beaches. The home comprises living room, study, two good-sized bedrooms, modern-fitted kitchen utility room, conservatory, wet room and bathroom. The first floor consi...",,https://www.rightmove.co.uk/properties/156743189#/?channel=RES_BUY,715000,156743189,,for-sale,,Leasehold (30 years),30 years,detached bungal,https://www.rightmove.co.uk/properties/156743189#/?channel=RES_BUY,
"[""#/floorplan?activePlan=1&channel=RES_BUY"", ""#/floorplan?activePlan=2&channel=RES_BUY"", ""#/floorplan?channel=RES_BUY""]","Beach House Lane, Bembridge, Isle of Wight, PO35 5TA","Added on 10/02/2025
 by Clare Maton homes, Bembridge",0,3,"Describes how you own a property. There are different types of tenure - freehold, leasehold, and commonhold.",,GB,GBP,Added on 10/02/2025,"Situated in a fabulous location just moments from the beach at Lane End, Seawood Cottage is a truly unique and individual home which is offered for sale chain free. Originally starting life...",,https://www.rightmove.co.uk/properties/158052920#/?channel=RES_BUY,700000,158052920,,for-sale,,Leasehold (40 years),40 years,detached h,https://www.rightmove.co.uk/properties/158052920#/?channel=RES_BUY,
"[""#/floorplan?activePlan=1&channel=RES_BUY"", ""#/floorplan?channel=RES_BUY"", ""https://media.rightmove.co.uk/155k/154001/157173440/154001_33619972_DOC_00_0000.pdf""]","Bembridge, Isle of Wight","Added on 21/01/2025
 by Spence Willard, Bembridge",0,3,"Describes how you own a property. There are different types of tenure - freehold, leasehold, and commonhold.",,GB,GBP,Added on 21/01/2025,"Set within beautiful private gardens and filled with fascinating period features, this detached cottage is found on the road leading to the Bembridge RNLI Station, close to the beach.",,https://www.rightmove.co.uk/properties/157173440#/?channel=RES_BUY,700000,157173440,1445sq. ft,for-sale,,Leasehold (40 years),40 years,h,https://www.rightmove.co.uk/properties/157173440#/?channel=RES_BUY,
"[""#/floorplan?activePlan=1&channel=RES_BUY"", ""#/floorplan?channel=RES_BUY"", ""https://media.rightmove.co.uk/273k/272798/149503643/272798_S984280_DOC_00_0001.pdf""]","Howgate Road, Bembridge, PO35 5QN","Reduced on 04/09/2024
 by Elliott Lincoln, Covering the Isle of Wight",0,4,"Describes how you own a property. There are different types of tenure - freehold, leasehold, and commonhold.",,GB,GBP,Reduced on 04/09/2024,"A charming and picturesque property exuding character. This attractive home boasts an abundance of windows flooding the interior space with natural light, creating a warm and inviting atmosphere throughout. Featuring three upstairs bedrooms, along with a versatile ground floor study/bedroom, t...",,https://www.rightmove.co.uk/properties/149503643#/?channel=RES_BUY,700000,149503643,1708sq. ft,for-sale,,Leasehold (40 years),40 years,detached h,https://www.rightmove.co.uk/properties/149503643#/?channel=RES_BUY,
"[""#/floorplan?activePlan=1&channel=RES_BUY"", ""#/floorplan?activePlan=2&channel=RES_BUY"", ""#/floorplan?channel=RES_BUY"", ""https://media.rightmove.co.uk/155k/154001/156593534/154001_33589768_DOC_00_0000.pdf""]","Bembridge, Isle Of Wight","Added on 07/01/2025
 by Spence Willard, Bembridge",0,3,"Describes how you own a property. There are different types of tenure - freehold, leasehold, and commonhold.",,GB,GBP,Added on 07/01/2025,"Set back from Forelands Beach, this spacious family home enjoys sea views and has large walled gardens and outbuildings.",,https://www.rightmove.co.uk/properties/156593534#/?channel=RES_BUY,675000,156593534,1539sq. ft,for-sale,,Leasehold (40 years),40 years,detached h,https://www.rightmove.co.uk/properties/156593534#/?channel=RES_BUY,
"[""#/floorplan?activePlan=1&channel=RES_BUY"", ""#/floorplan?channel=RES_BUY""]","Meadow Close, Bembridge, Isle of Wight, PO35 5YJ","Added on 13/09/2024
 by Clare Maton homes, Bembridge",0,3,"Describes how you own a property. There are different types of tenure - freehold, leasehold, and commonhold.",,GB,GBP,Added on 13/09/2024,"Offered for sale chain free, this beautifully presented bungalow has recently benefited from a full programme of renovation works, which include a new modern kitchen and bathrooms, new insulated floor...",,https://www.rightmove.co.uk/properties/152427077#/?channel=RES_BUY,575000,152427077,,for-sale,,Leasehold (40 years),40 years,detached bungal,https://www.rightmove.co.uk/properties/152427077#/?channel=RES_BUY,
"[""#/floorplan?activePlan=1&channel=RES_BUY"", ""#/floorplan?channel=RES_BUY"", ""https://media.rightmove.co.uk/155k/154001/154378829/154001_33475322_DOC_00_0000.pdf""]","Bembridge, Isle of Wight","Reduced on 18/01/2025
 by Spence Willard, Bembridge",0,4,"Describes how you own a property. There are different types of tenure - freehold, leasehold, and commonhold.",,GB,GBP,Reduced on 18/01/2025,"A comprehensively modernised, light and beautifully presented family home with sea views and convenient access to the beach at the end of the road.",,https://www.rightmove.co.uk/properties/154378829#/?channel=RES_BUY,650000,154378829,1151sq. ft,for-sale,,Leasehold (40 years),40 years,detached h,https://www.rightmove.co.uk/properties/154378829#/?channel=RES_BUY,
"[""#/floorplan?activePlan=1&channel=RES_BUY"", ""#/floorplan?channel=RES_BUY"", ""https://media.rightmove.co.uk/155k/154001/153091511/154001_33401249_DOC_00_0000.pdf""]","Bembridge, Isle of Wight","Added on 27/09/2024
 by Spence Willard, Bembridge",0,6,"Describes how you own a property. There are different types of tenure - freehold, leasehold, and commonhold.",,GB,GBP,Added on 27/09/2024,"A substantial family home offering plenty of accommodation, large private south facing gardens and driveway with off-road parking",,https://www.rightmove.co.uk/properties/153091511#/?channel=RES_BUY,650000,153091511,2056sq. ft,for-sale,,Leasehold (40 years),40 years,detached h,https://www.rightmove.co.uk/properties/153091511#/?channel=RES_BUY,
"[""#/floorplan?activePlan=1&channel=RES_BUY"", ""#/floorplan?channel=RES_BUY"", ""https://www.purplebricks.co.uk/brochure/1807514""]","Harbour Strand, Bembridge, PO35","Added on 14/02/2025
 by Purplebricks, covering Portsmouth",0,4,"Describes how you own a property. There are different types of tenure - freehold, leasehold, and commonhold.",,GB,GBP,Added on 14/02/2025,"A superb marine style residence situated within sought after Bembridge Harbour with stunning views. This spacious 4 bedroom home is arranged over 4 floors and is in a superb location within metres of Bembridge Sailing Club and the beach. Fabulous views across the harbour, the harbour mouth and o...",,https://www.rightmove.co.uk/properties/158291795#/?channel=RES_BUY,645000,158291795,,for-sale,,Leasehold (40 years),40 years,end,https://www.rightmove.co.uk/properties/158291795#/?channel=RES_BUY,
"[""#/floorplan?activePlan=1&channel=RES_BUY"", ""#/floorplan?channel=RES_BUY"", ""https://media.rightmove.co.uk/155k/154001/157925867/154001_33658172_DOC_00_0000.pdf""]","Bembridge, Isle of Wight","Added on 07/02/2025
 by Spence Willard, Bembridge",0,4,"Describes how you own a property. There are different types of tenure - freehold, leasehold, and commonhold.",,GB,GBP,Added on 07/02/2025,"A short walk from Forelands Beach, this four bedroom house offers spacious accommodation, enclosed gardens, off road parking and a detached garage.",,https://www.rightmove.co.uk/properties/157925867#/?channel=RES_BUY,625000,157925867,1528sq. ft,for-sale,,Leasehold (40 years),40 years,detached h,https://www.rightmove.co.uk/properties/157925867#/?channel=RES_BUY,
"[""#/floorplan?activePlan=1&channel=RES_BUY"", ""#/floorplan?channel=RES_BUY"", ""https://media.rightmove.co.uk/155k/154001/159006068/154001_33716111_DOC_00_0000.pdf""]","Bembridge, Isle of Wight","Added on 05/03/2025
 by Spence Willard, Bembridge",0,4,"Describes how you own a property. There are different types of tenure - freehold, leasehold, and commonhold.",,GB,GBP,Added on 05/03/2025,"In a central location, convenient for shops, walks on the coastal path and the beach, this modernised family home has enclosed gardens and a double garage.",,https://www.rightmove.co.uk/properties/159006068#/?channel=RES_BUY,625000,159006068,1787sq. ft,for-sale,,Leasehold (40 years),40 years,h,https://www.rightmove.co.uk/properties/159006068#/?channel=RES_BUY,
"[""#/floorplan?activePlan=1&channel=RES_BUY"", ""#/floorplan?channel=RES_BUY""]","Steyne Road, Bembridge, Isle Of Wight, PO35","Added on 11/01/2025
 by Fox & home, Isle of Wight",0,4,"Describes how you own a property. There are different types of tenure - freehold, leasehold, and commonhold.",,GB,GBP,Added on 11/01/2025,This well designed family home was built approximately twenty years ago by the current owner and provides spacious accommodation over two floors. The hub of the home is the large kitchen which has a centre island with breakfast bar and patio doors which link the kitchen to the garden. The location,,https://www.rightmove.co.uk/properties/156763025#/?channel=RES_BUY,599950,156763025,,for-sale,,Leasehold (40 years),40 years,detached h,https://www.rightmove.co.uk/properties/156763025#/?channel=RES_BUY,
"[""#/floorplan?activePlan=1&channel=RES_BUY"", ""#/floorplan?activePlan=2&channel=RES_BUY"", ""#/floorplan?channel=RES_BUY""]","Heathfield Road, Bembridge, Isle of Wight, PO35 5UW","Added on 26/09/2024
 by Clare Maton homes, Bembridge",0,4,"Describes how you own a property. There are different types of tenure - freehold, leasehold, and commonhold.",,GB,GBP,Added on 26/09/2024,"Built and finished to a high specification throughout, this detached family sized home sits within a generous sized southerly aspect plot, on a quiet road within Bembridge village. The prop...",,https://www.rightmove.co.uk/properties/153050501#/?channel=RES_BUY,595000,153050501,,for-sale,,Leasehold (40 years),40 years,detached h,https://www.rightmove.co.uk/properties/153050501#/?channel=RES_BUY,
"[""#/floorplan?activePlan=1&channel=RES_BUY"", ""#/floorplan?channel=RES_BUY""]","Woodland Grove, Bembridge, Isle of Wight","Added on 16/09/2024
 by Fine & Country, Isle of Wight",0,3,"Describes how you own a property. There are different types of tenure - freehold, leasehold, and commonhold.",,GB,GBP,Added on 16/09/2024,"This charming detached bungalow, with an integral garage and driveway is nestled within a well-appointed village. Its private garden, beautifully landscaped with various sitting areas, offers serenity. Ideal for those seeking tranquillity yet close to amenities. A perfect blend of convenience and...",,https://www.rightmove.co.uk/properties/152501354#/?channel=RES_BUY,595000,152501354,,for-sale,,Leasehold (40 years),40 years,detached bungal,https://www.rightmove.co.uk/properties/152501354#/?channel=RES_BUY,
"[""#/floorplan?activePlan=1&channel=RES_BUY"", ""#/floorplan?activePlan=2&channel=RES_BUY"", ""#/floorplan?channel=RES_BUY""]","Beachfield Road, Bembridge, Isle of Wight, PO35 5TN","Added on 14/02/2025
 by Clare Maton homes, Bembridge",0,3,"Describes how you own a property. There are different types of tenure - freehold, leasehold, and commonhold.",,GB,GBP,Added on 14/02/2025,"Offered for sale chain free, this detached family sized home is located in a sought after area in the village, with access to the beach just a short stroll away. The spacious accommodation ...",,https://www.rightmove.co.uk/properties/158276816#/?channel=RES_BUY,565000,158276816,,for-sale,,Leasehold (40 years),40 years,detached h,https://www.rightmove.co.uk/properties/158276816#/?channel=RES_BUY,
"[""#/floorplan?activePlan=1&channel=RES_BUY"", ""#/floorplan?channel=RES_BUY""]","Woodland Grove, Bembridge, Isle of Wight, PO35","Added on 27/02/2025
 by Watson Bull & Porter, Ryde",0,4,"Describes how you own a property. There are different types of tenure - freehold, leasehold, and commonhold.",,GB,GBP,Added on 27/02/2025,"Offered to the market as chain free is this very well presented detached home located in a quiet street very close to Bembridge village. The house has been thoughtfully modernised over the years, including a new boiler in 2023, to provide tastefully decorated and well-arranged accommodation which...",,https://www.rightmove.co.uk/properties/158758844#/?channel=RES_BUY,565000,158758844,,for-sale,,Leasehold (40 years),40 years,detached h,https://www.rightmove.co.uk/properties/158758844#/?channel=RES_BUY,
"[""#/floorplan?activePlan=1&channel=RES_BUY"", ""#/floorplan?channel=RES_BUY""]","Meadow Drive, Bembridge","Added on 16/12/2024
 by Hose Rhodes Dickson, Ryde",0,5,"Describes how you own a property. There are different types of tenure - freehold, leasehold, and commonhold.",,GB,GBP,Added on 16/12/2024,"This FIVE bedroom 3-storey semi-detached property is situated yards from the popular and sought-after village of Bembridge close to all local village amenities. In need of substantial modernisation and renovation, and full refurbishment throughout, the property would make an ideal family home,...",,https://www.rightmove.co.uk/properties/155969375#/?channel=RES_BUY,565000,155969375,,for-sale,,Leasehold (40 years),40 years,semi-detached h,https://www.rightmove.co.uk/properties/155969375#/?channel=RES_BUY,
"[""#/floorplan?activePlan=1&channel=RES_BUY"", ""#/floorplan?channel=RES_BUY"", ""https://media.rightmove.co.uk/13k/12627/151537364/12627_33315581_DOC_02_0012.pdf""]","Crossway, Bembridge, PO35 5RE","Reduced on 20/01/2025
 by Seafields Estates, Ryde",0,3,"Describes how you own a property. There are different types of tenure - freehold, leasehold, and commonhold.",,GB,GBP,Reduced on 20/01/2025,"WONDERFUL GARDENS WITH MANY SURPRISES! A superbly designed DETACHED HOUSE set within a very large plot and just a level walk away from the excellent choice of shops, restaurants, school and lovely long stretch of beaches. Offering 3-4 BEDROOMS, the ground floor offers a large welcoming hallw...",,https://www.rightmove.co.uk/properties/151537364#/?channel=RES_BUY,550000,151537364,,for-sale,,Leasehold (40 years),40 years,detached h,https://www.rightmove.co.uk/properties/151537364#/?channel=RES_BUY,Available (link not found)
"[""#/floorplan?activePlan=1&channel=RES_BUY"", ""#/floorplan?activePlan=2&channel=RES_BUY"", ""#/floorplan?channel=RES_BUY""]","Woodland Grove, Bembridge, Isle of Wight","Reduced on 09/09/2024
 by Hose Rhodes Dickson, Ryde",0,3,"Describes how you own a property. There are different types of tenure - freehold, leasehold, and commonhold.",,GB,GBP,Reduced on 09/09/2024,"Situated in a popular road and almost a level walk into the village centre; a 3-bedroom bungalow enjoying ensuite facilities to the master bedroom, a conservatory and a fully insulated chalet in the garden, driveway with parking for several cars, garage and boot room. This home has been upgraded ...",,https://www.rightmove.co.uk/properties/152496821#/?channel=RES_BUY,550000,152496821,,for-sale,,Leasehold (40 years),40 years,bungal,https://www.rightmove.co.uk/properties/152496821#/?channel=RES_BUY,
"[""#/floorplan?activePlan=1&channel=RES_BUY"", ""#/floorplan?channel=RES_BUY""]","Trelawny Way, Bembridge, Isle of Wight, PO35 5YE","Added on 28/02/2025
 by Clare Maton homes, Bembridge",0,3,"Describes how you own a property. There are different types of tenure - freehold, leasehold, and commonhold.",,GB,GBP,Added on 28/02/2025,"Offered for sale chain free, this spacious detached bungalow is situated within a sought after road in Bembridge, popular due to its close proximity to the heart of the village and being just a short ...",,https://www.rightmove.co.uk/properties/158858504#/?channel=RES_BUY,550000,158858504,,for-sale,,Leasehold (40 years),40 years,detached bungal,https://www.rightmove.co.uk/properties/158858504#/?channel=RES_BUY,
"[""#/floorplan?activePlan=1&channel=RES_BUY"", ""#/floorplan?channel=RES_BUY""]","Howgate Road, Bembridge, Isle of Wight","Added on 09/08/2024
 by Hose Rhodes Dickson, Ryde",0,3,"Describes how you own a property. There are different types of tenure - freehold, leasehold, and commonhold.",,GB,GBP,Added on 09/08/2024,"Renovated throughout in very recent years and sitting in a large plot of 0.22 acres on a popular road in the area. The location is close to local amenities such as the pub, beaches, and bus routes. This home is offered with vacant possession, arranged over 2 floors and offers parking for several ...",,https://www.rightmove.co.uk/properties/151156169#/?channel=RES_BUY,550000,151156169,,for-sale,,Leasehold (40 years),40 years,detached h,https://www.rightmove.co.uk/properties/151156169#/?channel=RES_BUY,
"[""#/floorplan?activePlan=1&channel=RES_BUY"", ""#/floorplan?channel=RES_BUY"", ""https://media.rightmove.co.uk/101k/100390/159361184/100390_TND-19920377_DOC_00_0000.pdf""]","Bembridge, Isle of Wight","Added on 13/03/2025
 by Trigghomes, Newport",0,4,"Describes how you own a property. There are different types of tenure - freehold, leasehold, and commonhold.",,GB,GBP,Added on 13/03/2025,"Nestled in the picturesque village of Bembridge on the Isle of Wight, this delightful four-bedroom detached home offers a perfect blend of period charm and modern living. Located just a short stroll from the village centre, you’ll find an array of boutique shops, cafés, and welcoming pubs right o...",,https://www.rightmove.co.uk/properties/159361184#/?channel=RES_BUY,540000,159361184,,for-sale,,Leasehold (40 years),40 years,detached h,https://www.rightmove.co.uk/properties/159361184#/?channel=RES_BUY,
"[""#/floorplan?activePlan=1&channel=RES_BUY"", ""#/floorplan?channel=RES_BUY""]","Manna Road, Bembridge, Isle of Wight, PO35 5UY","Reduced on 31/10/2024
 by Clare Maton homes, Bembridge",0,5,"Describes how you own a property. There are different types of tenure - freehold, leasehold, and commonhold.",,GB,GBP,Reduced on 31/10/2024,"Offered for sale chain free, this spacious detached bungalow has undergone a full programme of renovation works. As well as a new modern kitchen and bathroom, these works include updated electrics, a...",,https://www.rightmove.co.uk/properties/131349197#/?channel=RES_BUY,539000,131349197,,for-sale,,Leasehold (40 years),40 years,detached bungal,https://www.rightmove.co.uk/properties/131349197#/?channel=RES_BUY,
"[""#/floorplan?activePlan=1&channel=RES_BUY"", ""#/floorplan?channel=RES_BUY"", ""https://www.purplebricks.co.uk/brochure/1715342""]","Hillway Road, Bembridge, PO35","Added on 22/08/2024
 by Purplebricks, covering Portsmouth",0,4,"Describes how you own a property. There are different types of tenure - freehold, leasehold, and commonhold.",,GB,GBP,Added on 22/08/2024,"GUIDE PRICE £500,000 to £550,000. No Onward Chain A 4 double bedroom detached house enviably situated on the outskirts of Bembridge less than half a mile to the beach and near to countryside walks. The property offers spacious adaptable accommodation comprising of a 24ft 6 lounge/diner with lo...",,https://www.rightmove.co.uk/properties/151646642#/?channel=RES_BUY,525000,151646642,,for-sale,,Leasehold (40 years),40 years,detached h,https://www.rightmove.co.uk/properties/151646642#/?channel=RES_BUY,
"[""#/floorplan?activePlan=1&channel=RES_BUY"", ""#/floorplan?activePlan=2&channel=RES_BUY"", ""#/floorplan?channel=RES_BUY"", ""https://www.pittis.co.uk/for-sale/4-bedroom-house-in-bembridge/60423779?utm_source=Rightmove&utm_medium=web&utm_campaign=brochure#brochure""]","Manna Road, Bembridge, Isle of Wight","Added on 26/02/2025
 by Pittis, Ryde",0,4,"Describes how you own a property. There are different types of tenure - freehold, leasehold, and commonhold.",,GB,GBP,Added on 26/02/2025,"Looking for village life? The look no further than this wonderful detached house tucked away in Bembridge. The property offers an abundance of modern interior, spacious accommodation, off road parking and low maintenance outside space. It is the ideal home to purchase and move straight into, with...",,https://www.rightmove.co.uk/properties/158739992#/?channel=RES_BUY,525000,158739992,,for-sale,,Leasehold (40 years),40 years,detached h,https://www.rightmove.co.uk/properties/158739992#/?channel=RES_BUY,Available (link not found)
"[""#/floorplan?activePlan=1&channel=RES_BUY"", ""#/floorplan?activePlan=2&channel=RES_BUY"", ""#/floorplan?channel=RES_BUY"", ""https://www.pittis.co.uk/for-sale/3-bedroom-house-in-bembridge/60426656?utm_source=Rightmove&utm_medium=web&utm_campaign=brochure#brochure""]","Lane End Road, Bembridge, Isle of Wight","Added yesterday
 by Pittis, Ryde",0,3,"Describes how you own a property. There are different types of tenure - freehold, leasehold, and commonhold.",,GB,GBP,Added yesterday,"This great opportunity offers spacious accommodation throughout - with a semi-detached house and a separate annex to the rear, there is space for a home business or multi generational living. Walking distance to the beach and local amenities, it really does offer the whole package for a family. D...",,https://www.rightmove.co.uk/properties/159492968#/?channel=RES_BUY,525000,159492968,,for-sale,,Leasehold (40 years),40 years,semi-detached h,https://www.rightmove.co.uk/properties/159492968#/?channel=RES_BUY,Available (link not found)
"[""#/floorplan?activePlan=1&channel=RES_BUY"", ""#/floorplan?activePlan=2&channel=RES_BUY"", ""#/floorplan?channel=RES_BUY""]","10 The Ruskins, Kings Road, Bembridge, Isle of Wight, PO35 5NY","Added on 18/02/2025
 by Clare Maton homes, Bembridge",0,5,"Describes how you own a property. There are different types of tenure - freehold, leasehold, and commonhold.",,GB,GBP,Added on 18/02/2025,"This modern, spacious property is situated in a prime location within Bembridge village, with easy access to the village centre and to the harbour with its sailing facilities. The generous sized ...",,https://www.rightmove.co.uk/properties/158407640#/?channel=RES_BUY,520000,158407640,,for-sale,,Leasehold (40 years),40 years,te,https://www.rightmove.co.uk/properties/158407640#/?channel=RES_BUY,
"[""#/floorplan?activePlan=1&channel=RES_BUY"", ""#/floorplan?channel=RES_BUY"", ""https://media.rightmove.co.uk/155k/154001/158028956/154001_33662694_DOC_00_0000.pdf""]","Bembridge, Isle of Wight","Added on 10/02/2025
 by Spence Willard, Bembridge",0,3,"Describes how you own a property. There are different types of tenure - freehold, leasehold, and commonhold.",,GB,GBP,Added on 10/02/2025,A beautifully refurbished period cottage on a sought after road in the heart of Bembridge Village.,,https://www.rightmove.co.uk/properties/158028956#/?channel=RES_BUY,495000,158028956,1174sq. ft,for-sale,,Leasehold (40 years),40 years,semi-detached h,https://www.rightmove.co.uk/properties/158028956#/?channel=RES_BUY,
"[""#/floorplan?activePlan=1&channel=RES_BUY"", ""#/floorplan?activePlan=2&channel=RES_BUY"", ""#/floorplan?channel=RES_BUY""]","Fairhaven Close, Bembridge, Isle of Wight, PO35 5SX","Added on 13/03/2025
 by Clare Maton homes, Bembridge",0,3,"Describes how you own a property. There are different types of tenure - freehold, leasehold, and commonhold.",,GB,GBP,Added on 13/03/2025,"This detached house offers spacious living accommodation which is bright and airy throughout, has the scope for modernisation and is available to purchase chain free. The house has well arranged,...",,https://www.rightmove.co.uk/properties/151927196#/?channel=RES_BUY,475000,151927196,,for-sale,,Leasehold (40 years),40 years,detached h,https://www.rightmove.co.uk/properties/151927196#/?channel=RES_BUY,
"[""#/floorplan?activePlan=1&channel=RES_BUY"", ""#/floorplan?channel=RES_BUY""]","Kings Road, Bembridge, Isle of Wight","Reduced on 02/08/2024
 by Hose Rhodes Dickson, Ryde",0,4,"Describes how you own a property. There are different types of tenure - freehold, leasehold, and commonhold.",,GB,GBP,Reduced on 02/08/2024,"Charming 4-bedroom, 3-bathroom house occupying a landmark position close to High Street shops and within easy walking distance of Ducie beach. In need of updating but offering great potential as a family home. The property benefits from a pretty, walled patio garden affording a secluded private r...",,https://www.rightmove.co.uk/properties/149526617#/?channel=RES_BUY,475000,149526617,,for-sale,,Leasehold (40 years),40 years,detached h,https://www.rightmove.co.uk/properties/149526617#/?channel=RES_BUY,
"[""#/floorplan?activePlan=1&channel=RES_BUY"", ""#/floorplan?channel=RES_BUY"", ""https://media.rightmove.co.uk/155k/154001/87067845/154001_33617739_DOC_00_0000.pdf""]","Bembridge, Isle of Wight","Added on 21/01/2025
 by Spence Willard, Bembridge",0,3,"Describes how you own a property. There are different types of tenure - freehold, leasehold, and commonhold.",,GB,GBP,Added on 21/01/2025,"In a picturesque coastal location, a short walk to the Forelands Beach, this delightful home provides an idyllic island getaway home with off-road parking and an enclosed garden.",,https://www.rightmove.co.uk/properties/87067845#/?channel=RES_BUY,475000,87067845,1044sq. ft,for-sale,,Leasehold (40 years),40 years,semi-detached h,https://www.rightmove.co.uk/properties/87067845#/?channel=RES_BUY,
"[""#/floorplan?activePlan=1&channel=RES_BUY"", ""#/floorplan?channel=RES_BUY"", ""https://media.rightmove.co.uk/146k/145619/155361335/145619_33529887_DOC_00_0004.pdf""]","£90k Reduction!  Foreland Road, Bembridge","Reduced on 03/01/2025
 by Susan Payne Property, Wootton Bridge",0,3,"Describes how you own a property. There are different types of tenure - freehold, leasehold, and commonhold.",,GB,GBP,Reduced on 03/01/2025,"Situated in a highly sought-after village location, this unique detached property offers spacious accommodation with three double bedrooms, two bathrooms, and two reception rooms, a delightful courtyard, and driveway parking.",,https://www.rightmove.co.uk/properties/155361335#/?channel=RES_BUY,460000,155361335,,for-sale,,Leasehold (40 years),40 years,detached h,https://www.rightmove.co.uk/properties/155361335#/?channel=RES_BUY,
"[""#/floorplan?activePlan=1&channel=RES_BUY"", ""#/floorplan?channel=RES_BUY""]","Lane End Road, Bembridge, Isle of Wight, PO35 5SU","Added on 19/01/2025
 by Clare Maton homes, Bembridge",0,2,"Describes how you own a property. There are different types of tenure - freehold, leasehold, and commonhold.",,GB,GBP,Added on 19/01/2025,"This detached bungalow is set within a good sized, southerly aspect plot on Lane End Road, an easy short stroll to both the local shops and the beach at the end of the road. Built in 1964...",,https://www.rightmove.co.uk/properties/157085312#/?channel=RES_BUY,450000,157085312,,for-sale,,Leasehold (40 years),40 years,detached bungal,https://www.rightmove.co.uk/properties/157085312#/?channel=RES_BUY,
"[""#/floorplan?activePlan=1&channel=RES_BUY"", ""#/floorplan?channel=RES_BUY"", ""https://media.rightmove.co.uk/155k/154001/150402764/154001_33244090_DOC_00_0000.pdf""]","Bembridge, Isle of Wight","Reduced on 18/02/2025
 by Spence Willard, Bembridge",0,4,"Describes how you own a property. There are different types of tenure - freehold, leasehold, and commonhold.",,GB,GBP,Reduced on 18/02/2025,Offering surprising sea views and following extensive renovation and reconfiguration this beautifully styled and modern period cottage offers versatile living space which has cleverly retained its seaside charm.,,https://www.rightmove.co.uk/properties/150402764#/?channel=RES_BUY,440000,150402764,893sq. ft,for-sale,,Leasehold (40 years),40 years,semi-detached h,https://www.rightmove.co.uk/properties/150402764#/?channel=RES_BUY,
"[""#/floorplan?activePlan=1&channel=RES_BUY"", ""#/floorplan?activePlan=2&channel=RES_BUY"", ""#/floorplan?channel=RES_BUY""]","Dennett Road, Bembridge, Isle of Wight, PO35 5XD","Reduced on 02/10/2024
 by Clare Maton homes, Bembridge",0,3,"Describes how you own a property. There are different types of tenure - freehold, leasehold, and commonhold.",,GB,GBP,Reduced on 02/10/2024,"Dover Cottage is a charming semi detached home located in a sought after location in the heart of the village, just an easy flat stroll to the all the local shops and amenities. The cottage...",,https://www.rightmove.co.uk/properties/86618514#/?channel=RES_BUY,425000,86618514,,for-sale,,Leasehold (40 years),40 years,semi-detached h,https://www.rightmove.co.uk/properties/86618514#/?channel=RES_BUY,
"[""#/floorplan?activePlan=1&channel=RES_BUY"", ""#/floorplan?channel=RES_BUY"", ""https://media.rightmove.co.uk/13k/12627/155045222/12627_33512797_DOC_02_0006.pdf""]","Howgate Road, Bembridge, PO35 5QU","Added on 15/11/2024
 by Seafields Estates, Ryde",0,3,"Describes how you own a property. There are different types of tenure - freehold, leasehold, and commonhold.",,GB,GBP,Added on 15/11/2024,"OFFERING SUCH INDIVIDUALITY AND CHARM! Welcome to this delightful DETACHED HOUSE which is set well back from the road and is centrally positioned within a good sized plot. In need of some modernisation, this residence offers an excellent opportunity for one to 'put their own stamp on' a...",,https://www.rightmove.co.uk/properties/155045222#/?channel=RES_BUY,425000,155045222,,for-sale,,Leasehold (40 years),40 years,detached h,https://www.rightmove.co.uk/properties/155045222#/?channel=RES_BUY,Available (link not found)
"[""#/floorplan?activePlan=1&channel=RES_BUY"", ""#/floorplan?channel=RES_BUY"", ""https://media.rightmove.co.uk/13k/12627/155636984/12627_33544298_DOC_02_0003.pdf""]","Dennett Road, Bembridge, PO35 5XD","Added on 03/12/2024
 by Seafields Estates, Ryde",0,3,"Describes how you own a property. There are different types of tenure - freehold, leasehold, and commonhold.",,GB,GBP,Added on 03/12/2024,"OFFERING COMFORT, CONVENIENCE AND COASTAL CHARM! Located in sought after Dennett Road - within walking distance of the village amenities, school, beaches and harbour - this charming ATTACHED COTTAGE offers surprisingly spacious and well appointed accommodation. The property includes a large...",,https://www.rightmove.co.uk/properties/155636984#/?channel=RES_BUY,425000,155636984,,for-sale,,Leasehold (40 years),40 years,semi-detached h,https://www.rightmove.co.uk/properties/155636984#/?channel=RES_BUY,Available (link not found)
"[""#/floorplan?activePlan=1&channel=RES_BUY"", ""#/floorplan?activePlan=2&channel=RES_BUY"", ""#/floorplan?channel=RES_BUY""]","Heathfield Road, Bembridge, Isle of Wight, PO35 5UW","Reduced on 03/06/2024
 by Clare Maton homes, Bembridge",0,5,"Describes how you own a property. There are different types of tenure - freehold, leasehold, and commonhold.",,GB,GBP,Reduced on 03/06/2024,"Offered for sale chain free, this detached chalet bungalow is located within a quiet road with easy access to the local shops, school, amenities and beaches. The bungalow is naturally brigh...",,https://www.rightmove.co.uk/properties/145116947#/?channel=RES_BUY,415000,145116947,,for-sale,,Leasehold (40 years),40 years,detached h,https://www.rightmove.co.uk/properties/145116947#/?channel=RES_BUY,
"[""#/floorplan?activePlan=1&channel=RES_BUY"", ""#/floorplan?channel=RES_BUY""]","Brook Furlong, Bembridge, Isle of Wight, PO35 5QR","Reduced on 18/04/2024
 by Clare Maton homes, Bembridge",0,2,"Describes how you own a property. There are different types of tenure - freehold, leasehold, and commonhold.",,GB,GBP,Reduced on 18/04/2024,"This detached bungalow has been beautifully re-designed and renovated in recent years to provide a modern, bright home with sociable living areas and well equipped bedrooms and bathrooms. T...",,https://www.rightmove.co.uk/properties/144531107#/?channel=RES_BUY,400000,144531107,,for-sale,,Leasehold (40 years),40 years,detached bungal,https://www.rightmove.co.uk/properties/144531107#/?channel=RES_BUY,
"[""#/floorplan?activePlan=1&channel=RES_BUY"", ""#/floorplan?channel=RES_BUY"", ""https://media.rightmove.co.uk/155k/154001/154107977/154001_33460868_DOC_00_0000.pdf""]","Bembridge, Isle of Wight","Added on 23/10/2024
 by Spence Willard, Bembridge",0,3,"Describes how you own a property. There are different types of tenure - freehold, leasehold, and commonhold.",,GB,GBP,Added on 23/10/2024,"Occupying a substantial garden and potential for further development, this family home offers plenty of accommodation, off-road parking and a garage.",,https://www.rightmove.co.uk/properties/154107977#/?channel=RES_BUY,400000,154107977,1313sq. ft,for-sale,,Leasehold (40 years),40 years,detached h,https://www.rightmove.co.uk/properties/154107977#/?channel=RES_BUY,
"[""#/floorplan?activePlan=1&channel=RES_BUY"", ""#/floorplan?activePlan=2&channel=RES_BUY"", ""#/floorplan?channel=RES_BUY""]","Dennett Road, Bembridge, Isle of Wight, PO35 5XF","Added on 02/05/2024
 by Clare Maton homes, Bembridge",0,2,"Describes how you own a property. There are different types of tenure - freehold, leasehold, and commonhold.",,GB,GBP,Added on 02/05/2024,"This charming period cottage is located in the heart of Bembridge village, ideally positioned for those who are seeking the ease of having the local village shops on the doorstep, and the beaches, har...",,https://www.rightmove.co.uk/properties/147535082#/?channel=RES_BUY,390000,147535082,,for-sale,,Leasehold (40 years),40 years,semi-detached h,https://www.rightmove.co.uk/properties/147535082#/?channel=RES_BUY,
"[""#/floorplan?activePlan=1&channel=RES_NEW"", ""#/floorplan?channel=RES_NEW"", ""https://media.rightmove.co.uk/155k/154001/149884829/154001_33214350_DOC_00_0000.pdf""]","Bembridge, Isle of Wight","Reduced on 06/03/2025
 by Spence Willard, Bembridge",0,3,"Describes how you own a property. There are different types of tenure - freehold, leasehold, and commonhold.",,GB,GBP,Reduced on 06/03/2025,"An impressive new home boasting traditional build to a high quality finish with enclosed gardens, open plan living accommodation and off-road parking.",,https://www.rightmove.co.uk/properties/149884829#/?channel=RES_BUY,390000,149884829,1044sq. ft,for-sale,,Leasehold (40 years),40 years,semi-detached h,https://www.rightmove.co.uk/properties/149884829#/?channel=RES_BUY,
"[""#/floorplan?activePlan=1&channel=RES_NEW"", ""#/floorplan?channel=RES_NEW"", ""https://media.rightmove.co.uk/101k/100390/155174285/100390_TND-46993029_DOC_00_0001.pdf""]","Bembridge, Isle of Wight","Reduced on 06/03/2025
 by Trigghomes, Newport",0,3,"Describes how you own a property. There are different types of tenure - freehold, leasehold, and commonhold.",,GB,GBP,Reduced on 06/03/2025,"Beautifully finished, high end fixtures and fittings and traditionally built. These two semi-detached properties are well placed in the sought after village of Bembridge, offering both parking and a well sized, sunny rear garden. GROUND FLOOR Entrance Hall Open Plan Living Space 32'7 x ...",,https://www.rightmove.co.uk/properties/155174285#/?channel=RES_BUY,390000,155174285,,for-sale,,Leasehold (40 years),40 years,semi-detached h,https://www.rightmove.co.uk/properties/155174285#/?channel=RES_BUY,
"[""#/floorplan?activePlan=1&channel=RES_BUY"", ""#/floorplan?activePlan=2&channel=RES_BUY"", ""#/floorplan?channel=RES_BUY""]","Steyne Road, Bembridge, Isle of Wight, PO35 5SL","Added on 21/10/2024
 by Clare Maton homes, Bembridge",0,3,"Describes how you own a property. There are different types of tenure - freehold, leasehold, and commonhold.",,GB,GBP,Added on 21/10/2024,"Offered for sale chain free, this semi detached period house benefits from a good sized rear garden and deceptively spacious accommodation. On the ground floor the accommodation has been a...",,https://www.rightmove.co.uk/properties/154002593#/?channel=RES_BUY,387500,154002593,,for-sale,,Leasehold (40 years),40 years,semi-detached h,https://www.rightmove.co.uk/properties/154002593#/?channel=RES_BUY,
"[""#/floorplan?activePlan=1&channel=RES_BUY"", ""#/floorplan?channel=RES_BUY"", ""https://media.rightmove.co.uk/155k/154001/150818096/154001_33270690_DOC_00_0000.pdf""]","Bembridge, Isle of Wight","Added on 31/07/2024
 by Spence Willard, Bembridge",0,3,"Describes how you own a property. There are different types of tenure - freehold, leasehold, and commonhold.",,GB,GBP,Added on 31/07/2024,"Offering an excellent package, this purpose built mews house has well-appointed accommodation, off road parking and communal gardens which extend to the beach.",,https://www.rightmove.co.uk/properties/150818096#/?channel=RES_BUY,385000,150818096,1238sq. ft,for-sale,£500 per year,Leasehold (40 years),40 years,t,https://www.rightmove.co.uk/properties/150818096#/?channel=RES_BUY,
"[""#/floorplan?activePlan=1&channel=RES_BUY"", ""#/floorplan?activePlan=2&channel=RES_BUY"", ""#/floorplan?channel=RES_BUY""]","Station Road, Bembridge, Isle of Wight, PO35 5NN","Added on 17/10/2024
 by Clare Maton homes, Bembridge",0,2,"Describes how you own a property. There are different types of tenure - freehold, leasehold, and commonhold.",,GB,GBP,Added on 17/10/2024,"Located just moments from the beach and harbour, this period home oozes with character and charm, and boasts wonderful views of the harbour from the top 2 floors. The house offers spacious ...",,https://www.rightmove.co.uk/properties/153901769#/?channel=RES_BUY,385000,153901769,,for-sale,,Leasehold (40 years),40 years,semi-detached h,https://www.rightmove.co.uk/properties/153901769#/?channel=RES_BUY,
"[""#/floorplan?activePlan=1&channel=RES_BUY"", ""#/floorplan?channel=RES_BUY"", ""https://media.rightmove.co.uk/155k/154001/149008985/154001_33159729_DOC_00_0000.pdf""]","Bembridge, Isle of Wight","Reduced on 08/01/2025
 by Spence Willard, Bembridge",0,3,"Describes how you own a property. There are different types of tenure - freehold, leasehold, and commonhold.",,GB,GBP,Reduced on 08/01/2025,"Positioned in the heart of Bembridge village yet in a tucked away position, this modern and comfortable three bedroom townhouse benefits from off-road parking, an enclosed garden and contemporary well-appointed accommodation.",,https://www.rightmove.co.uk/properties/149008985#/?channel=RES_BUY,375000,149008985,1184sq. ft,for-sale,,Leasehold (40 years),40 years,h,https://www.rightmove.co.uk/properties/149008985#/?channel=RES_BUY,
"[""#/floorplan?activePlan=1&channel=RES_BUY"", ""#/floorplan?channel=RES_BUY"", ""https://media.rightmove.co.uk/223k/222692/152183765/222692_12393324_DOC_02_0000.pdf""]","Heathfield Close, Bembridge","Reduced on 22/10/2024
 by Lancasters Prime, Cowes",0,3,"Describes how you own a property. There are different types of tenure - freehold, leasehold, and commonhold.",,GB,GBP,Reduced on 22/10/2024,"Situated in a quiet cul-de sac within the sought after coastal village of Bembridge. A spacious 3 bedroom semi detached property - with scope for modernisation. Complete with off street parking, single garage and good size rear garden. CHAIN FREE",,https://www.rightmove.co.uk/properties/152183765#/?channel=RES_BUY,375000,152183765,,for-sale,,Leasehold (40 years),40 years,semi-detached h,https://www.rightmove.co.uk/properties/152183765#/?channel=RES_BUY,Available (link not found)
"[""#/floorplan?activePlan=1&channel=RES_BUY"", ""#/floorplan?channel=RES_BUY"", ""https://www.pittis.co.uk/for-sale/3-bedroom-bungalow-in-bembridge/60425867?utm_source=Rightmove&utm_medium=web&utm_campaign=brochure#brochure""]","Pelham Close, Bembridge, Isle of Wight","Added on 14/02/2025
 by Pittis, Ryde",0,3,"Describes how you own a property. There are different types of tenure - freehold, leasehold, and commonhold.",,GB,GBP,Added on 14/02/2025,"Situated close to Bembridge village this wonderful detached bungalow is tucked away in a quiet cul De sac. Spacious, light and airy accommodation throughout with double aspect rooms, provide an inviting and comfortable lifestyle. The bungalow offers scenic walks, both coastal and countryside, wit...",,https://www.rightmove.co.uk/properties/158214809#/?channel=RES_BUY,375000,158214809,,for-sale,,Leasehold (40 years),40 years,detached bungal,https://www.rightmove.co.uk/properties/158214809#/?channel=RES_BUY,Available (link not found)
"[""#/floorplan?activePlan=1&channel=RES_BUY"", ""#/floorplan?channel=RES_BUY"", ""https://media.rightmove.co.uk/155k/154001/150625148/154001_33258146_DOC_00_0000.pdf""]","Bembridge, Isle of Wight","Reduced on 26/09/2024
 by Spence Willard, Bembridge",0,3,"Describes how you own a property. There are different types of tenure - freehold, leasehold, and commonhold.",,GB,GBP,Reduced on 26/09/2024,"With communal gardens extending to the beach, this beautifully presented and low-maintenance home provides substantial accommodation and an idyllic island retreat.",,https://www.rightmove.co.uk/properties/150625148#/?channel=RES_BUY,375000,150625148,1119sq. ft,for-sale,£600 per year,Leasehold (40 years),40 years,t,https://www.rightmove.co.uk/properties/150625148#/?channel=RES_BUY,
"[""#/floorplan?activePlan=1&channel=RES_BUY"", ""#/floorplan?channel=RES_BUY"", ""https://media.rightmove.co.uk/155k/154001/156676823/154001_33593886_DOC_00_0000.pdf""]","Bembridge, Isle of Wight","Added on 09/01/2025
 by Spence Willard, Bembridge",0,2,"Describes how you own a property. There are different types of tenure - freehold, leasehold, and commonhold.",,GB,GBP,Added on 09/01/2025,"Charming Coastal Home with Harbour Views and exciting development potential, located in popular position close to the village centre and beaches.",,https://www.rightmove.co.uk/properties/156676823#/?channel=RES_BUY,365000,156676823,667sq. ft,for-sale,,Leasehold (40 years),40 years,te,https://www.rightmove.co.uk/properties/156676823#/?channel=RES_BUY,
"[""#/floorplan?activePlan=1&channel=RES_NEW"", ""#/floorplan?channel=RES_NEW"", ""https://media.rightmove.co.uk/273k/272798/148386839/272798_S957240_DOC_00_0003.pdf""]","Plot 6, Turnstone Drive, Bembridge, Isle of Wight, PO35 5SL","Reduced on 20/11/2024
 by Elliott Lincoln, Covering the Isle of Wight",0,2,"Describes how you own a property. There are different types of tenure - freehold, leasehold, and commonhold.",,GB,GBP,Reduced on 20/11/2024,"Environmentally friendly, energy efficient (EPC Rating A), 2-bedroom semi-detached house with a garage, private parking and South West facing garden. Well placed in the development with much attention to detail.",,https://www.rightmove.co.uk/properties/148386839#/?channel=RES_BUY,365000,148386839,883sq. ft,for-sale,,Leasehold (40 years),40 years,semi-detached h,https://www.rightmove.co.uk/properties/148386839#/?channel=RES_BUY,
,"Whitecliff Bay Holiday Park, Hillway Road, Bembridge, Isle of Wight PO35 5PL","Added on 14/03/2025
 by Sell My Group, Lytham",0,3,"Describes how you own a property. There are different types of tenure - freehold, leasehold, and commonhold.",,GB,GBP,Added on 14/03/2025,"AKA: AmyLuxury, made for up to eight guests who like to relax in style Open-plan living with free-standing furniture – perfect for lounging and pretending you’re in a movie Sophisticated storage, so you don’t have to trip over your stuff Kitchen with soft-close doors, loads of space, and",,https://www.rightmove.co.uk/properties/159385598#/?channel=RES_BUY,69995,159385598,,for-sale,,Leasehold (40 years),40 years,l,https://www.rightmove.co.uk/properties/159385598#/?channel=RES_BUY,
"[""#/floorplan?activePlan=1&channel=RES_BUY"", ""#/floorplan?activePlan=2&channel=RES_BUY"", ""#/floorplan?channel=RES_BUY""]","Steyne Road, Bembridge, Isle of Wight, PO35 5UL","Added on 22/11/2024
 by Clare Maton homes, Bembridge",0,3,"Describes how you own a property. There are different types of tenure - freehold, leasehold, and commonhold.",,GB,GBP,Added on 22/11/2024,"This lovely period home has belonged to the same family since its construction 120 years ago, and is now being offered for sale for the first time in its history. The house has been very well car...",,https://www.rightmove.co.uk/properties/155268623#/?channel=RES_BUY,350000,155268623,,for-sale,,Leasehold (120 years),120 years,end,https://www.rightmove.co.uk/properties/155268623#/?channel=RES_BUY,
"[""#/floorplan?activePlan=1&channel=RES_BUY"", ""#/floorplan?channel=RES_BUY""]","Preston Road, Bembridge, Isle of Wight, PO35 5UN","Added on 13/08/2024
 by Clare Maton homes, Bembridge",0,2,"Describes how you own a property. There are different types of tenure - freehold, leasehold, and commonhold.",,GB,GBP,Added on 13/08/2024,"Offered for sale chain free this pretty detached bungalow dates back to 1926, and during this time has only been available to purchase once before. It is situated within a quiet road in Bembridge, i...",,https://www.rightmove.co.uk/properties/151277579#/?channel=RES_BUY,350000,151277579,,for-sale,,Leasehold (40 years),40 years,detached bungal,https://www.rightmove.co.uk/properties/151277579#/?channel=RES_BUY,
"[""#/floorplan?activePlan=1&channel=RES_BUY"", ""#/floorplan?channel=RES_BUY""]","Kings Road, Bembridge, Isle of Wight, PO35 5NT","Reduced on 22/08/2024
 by Clare Maton homes, Bembridge",0,2,"Describes how you own a property. There are different types of tenure - freehold, leasehold, and commonhold.",,GB,GBP,Reduced on 22/08/2024,"Situated just a stones throw from Bembridge Harbour, sailing club and beaches, this spacious ground floor apartment is ideal for those who are seeking an easy to maintain coastal retreat, where one ca...",,https://www.rightmove.co.uk/properties/145867178#/?channel=RES_BUY,350000,145867178,,for-sale,,Freehold,,Not specified,https://www.rightmove.co.uk/properties/145867178#/?channel=RES_BUY,
"[""#/floorplan?activePlan=1&channel=RES_BUY"", ""#/floorplan?activePlan=2&channel=RES_BUY"", ""#/floorplan?channel=RES_BUY"", ""https://www.pittis.co.uk/for-sale/3-bedroom-house-in-bembridge/60426656?utm_source=Rightmove&utm_medium=web&utm_campaign=brochure#brochure""]","Lane End Road, Bembridge, Isle of Wight","Added yesterday
 by Homewise, South East",0,3,"Describes how you own a property. There are different types of tenure - freehold, leasehold, and commonhold.",,GB,GBP,Added yesterday,"Guide price for a Home for Life Lifetime Lease for OVER 60s tailored to your personal circumstances and requirements. Your price may vary. OVER 60s could benefit from SAVINGS of up to 59% from the market value with a one-off payment for a Lifetime Lease on this property. £347,000 GUIDE PRIC...",,https://www.rightmove.co.uk/properties/159494063#/?channel=RES_BUY,347000,159494063,,for-sale,,Leasehold (50 years),50 years,semi-detached h,https://www.rightmove.co.uk/properties/159494063#/?channel=RES_BUY,
"[""#/floorplan?activePlan=1&channel=RES_BUY"", ""#/floorplan?activePlan=2&channel=RES_BUY"", ""#/floorplan?channel=RES_BUY"", ""https://www.pittis.co.uk/for-sale/4-bedroom-house-in-bembridge/60423779?utm_source=Rightmove&utm_medium=web&utm_campaign=brochure#brochure""]","Manna Road, Bembridge, Isle of Wight","Added on 26/02/2025
 by Homewise, South East",0,4,"Describes how you own a property. There are different types of tenure - freehold, leasehold, and commonhold.",,GB,GBP,Added on 26/02/2025,"Guide price for a Home for Life Lifetime Lease for OVER 60s tailored to your personal circumstances and requirements. Your price may vary. OVER 60s could benefit from SAVINGS of up to 59% from the market value with a one-off payment for a Lifetime Lease on this property. £347,000 GUIDE PRIC...",,https://www.rightmove.co.uk/properties/158740280#/?channel=RES_BUY,347000,158740280,,for-sale,,Leasehold (50 years),50 years,detached h,https://www.rightmove.co.uk/properties/158740280#/?channel=RES_BUY,
"[""#/floorplan?activePlan=1&channel=RES_BUY"", ""#/floorplan?channel=RES_BUY""]","Egerton Road, Bembridge, Isle of Wight","Added on 12/02/2025
 by Hose Rhodes Dickson, Ryde",0,2,"Describes how you own a property. There are different types of tenure - freehold, leasehold, and commonhold.",,GB,GBP,Added on 12/02/2025,"'Long Reach' is a well-proportioned two double bedroom detached bungalow located in the sought-after, and very desirable, village of Bembridge; close to all local amenities and award winning sandy beaches. The property occupies a good sized plot on a popular residential estate, in close proximi...",,https://www.rightmove.co.uk/properties/158161724#/?channel=RES_BUY,345000,158161724,,for-sale,,Leasehold (40 years),40 years,bungal,https://www.rightmove.co.uk/properties/158161724#/?channel=RES_BUY,
"[""#/floorplan?activePlan=1&channel=RES_BUY"", ""#/floorplan?channel=RES_BUY"", ""https://media.rightmove.co.uk/13k/12627/148559381/12627_33132813_DOC_01_0010.pdf""]","Manna Road, Bembridge, PO35 5UX","Reduced on 08/10/2024
 by Seafields Estates, Ryde",0,2,"Describes how you own a property. There are different types of tenure - freehold, leasehold, and commonhold.",,GB,GBP,Reduced on 08/10/2024,"A REAL GEM IN THE VERY HEART OF THE VILLAGE! Welcome to this modern and beautifully presented 3 year old DETACHED HOUSE located in a tucked away, tranquil setting, a level walk from the amenities of Bembridge village, including the great choice of shops, restaurants, bars and cafes, pl...",,https://www.rightmove.co.uk/properties/148559381#/?channel=RES_BUY,343000,148559381,,for-sale,,Leasehold (40 years),40 years,detached h,https://www.rightmove.co.uk/properties/148559381#/?channel=RES_BUY,
"[""#/floorplan?activePlan=1&channel=RES_BUY"", ""#/floorplan?activePlan=2&channel=RES_BUY"", ""#/floorplan?channel=RES_BUY""]","Steyne Road, Bembridge, Isle of Wight, PO35 5UL","Added on 04/03/2025
 by Clare Maton homes, Bembridge",0,2,"Describes how you own a property. There are different types of tenure - freehold, leasehold, and commonhold.",,GB,GBP,Added on 04/03/2025,"Offered for sale chain free, this period home is ideally located within Bembridge village for easy access to the local shops, school and amenities, as well as the beaches and countryside walks which s...",,https://www.rightmove.co.uk/properties/158957252#/?channel=RES_BUY,340000,158957252,,for-sale,,Leasehold (40 years),40 years,end,https://www.rightmove.co.uk/properties/158957252#/?channel=RES_BUY,
"[""#/floorplan?activePlan=1&channel=RES_NEW"", ""#/floorplan?channel=RES_NEW"", ""https://media.rightmove.co.uk/155k/154001/154951697/154001_33507780_DOC_00_0000.pdf""]","Bembridge, Isle of Wight","Reduced on 06/03/2025
 by Spence Willard, Bembridge",0,2,"Describes how you own a property. There are different types of tenure - freehold, leasehold, and commonhold.",,GB,GBP,Reduced on 06/03/2025,"An impressive new home boasting a traditional build finished to a high quality also with enclosed gardens, open plan living accommodation and off-road parking.",,https://www.rightmove.co.uk/properties/154951697#/?channel=RES_BUY,340000,154951697,850sq. ft,for-sale,,Leasehold (40 years),40 years,semi-detached h,https://www.rightmove.co.uk/properties/154951697#/?channel=RES_BUY,
"[""#/floorplan?activePlan=1&channel=RES_NEW"", ""#/floorplan?channel=RES_NEW"", ""https://media.rightmove.co.uk/101k/100390/155174282/100390_TND-40552599_DOC_00_0002.pdf""]","Bembridge, Isle of Wight","Reduced on 06/03/2025
 by Trigghomes, Newport",0,2,"Describes how you own a property. There are different types of tenure - freehold, leasehold, and commonhold.",,GB,GBP,Reduced on 06/03/2025,"Beautifully finished, high end fixtures and fittings and traditionally built. This two bedroom semi-detached property is well placed in the sought after village of Bembridge, offering both parking and a well sized, sunny rear garden. GROUND FLOOR Entrance Hall Kitchen 11'6 x 6' Downst...",,https://www.rightmove.co.uk/properties/155174282#/?channel=RES_BUY,340000,155174282,,for-sale,,Leasehold (40 years),40 years,semi-detached h,https://www.rightmove.co.uk/properties/155174282#/?channel=RES_BUY,Available (link not found)
"[""#/floorplan?activePlan=1&channel=RES_BUY"", ""#/floorplan?activePlan=2&channel=RES_BUY"", ""#/floorplan?channel=RES_BUY""]","Dennett Road, Bembridge, Isle of Wight, PO35 5XD","Reduced on 02/10/2024
 by Clare Maton homes, Bembridge",0,2,"Describes how you own a property. There are different types of tenure - freehold, leasehold, and commonhold.",,GB,GBP,Reduced on 02/10/2024,"Offered for sale chain free, this delightful cottage is located right in the heart of Bembridge village, with the local shops, eateries and amenities right on the doorstep, and the beaches and harbour...",,https://www.rightmove.co.uk/properties/156401843#/?channel=RES_BUY,335000,156401843,,for-sale,,Leasehold (40 years),40 years,semi-detached h,https://www.rightmove.co.uk/properties/156401843#/?channel=RES_BUY,
"[""#/floorplan?activePlan=1&channel=RES_BUY"", ""#/floorplan?activePlan=2&channel=RES_BUY"", ""#/floorplan?channel=RES_BUY"", ""https://media.rightmove.co.uk/155k/154001/159227078/154001_33728883_DOC_00_0000.pdf""]","Bembridge, Isle of Wight","Added on 10/03/2025
 by Spence Willard, Bembridge",0,2,"Describes how you own a property. There are different types of tenure - freehold, leasehold, and commonhold.",,GB,GBP,Added on 10/03/2025,Recently refurbished this charming 2-bedroom cottage with south facing garden is a short walk from the beach at the end of the road.,,https://www.rightmove.co.uk/properties/159227078#/?channel=RES_BUY,330000,159227078,679sq. ft,for-sale,,Leasehold (40 years),40 years,semi-detached h,https://www.rightmove.co.uk/properties/159227078#/?channel=RES_BUY,
"[""#/floorplan?activePlan=1&channel=RES_BUY"", ""#/floorplan?channel=RES_BUY""]","Embankment Road, Bembridge, Isle Of Wight, PO35","Added on 06/03/2025
 by Fox & home, Isle of Wight",0,4,"Describes how you own a property. There are different types of tenure - freehold, leasehold, and commonhold.",,GB,GBP,Added on 06/03/2025,"This former yacht which was built by Souters for Sir Max Aitken and now sits proudly on the shore at Bembridge Harbour amongst the house boats. This unique home has everything you would want for modern day living, including: central heating, an en-suite to the master bedroom and triple glazing.",,https://www.rightmove.co.uk/properties/158970449#/?channel=RES_BUY,325000,158970449,,for-sale,,Leasehold (80 years),80 years,h,https://www.rightmove.co.uk/properties/158970449#/?channel=RES_BUY,
"[""#/floorplan?activePlan=1&channel=RES_BUY"", ""#/floorplan?activePlan=2&channel=RES_BUY"", ""#/floorplan?channel=RES_BUY""]","Hillway Road, Bembridge, Isle of Wight, PO35 5PJ","Reduced on 20/12/2024
 by Clare Maton homes, Bembridge",0,3,"Describes how you own a property. There are different types of tenure - freehold, leasehold, and commonhold.",,GB,GBP,Reduced on 20/12/2024,"Located close to the beach at Whitecliff Bay, this detached bungalow is set within a good sized plot with gardens that wrap to the front, side and rear. There is driveway parking to the front which l...",,https://www.rightmove.co.uk/properties/149950700#/?channel=RES_BUY,325000,149950700,,for-sale,,Leasehold (40 years),40 years,detached bungal,https://www.rightmove.co.uk/properties/149950700#/?channel=RES_BUY,
"[""#/floorplan?activePlan=1&channel=RES_BUY"", ""#/floorplan?channel=RES_BUY"", ""https://media.rightmove.co.uk/155k/154001/155782544/154001_33551796_DOC_00_0000.pdf""]","Bembridge, Isle of Wight","Reduced on 17/01/2025
 by Spence Willard, Bembridge",0,2,"Describes how you own a property. There are different types of tenure - freehold, leasehold, and commonhold.",,GB,GBP,Reduced on 17/01/2025,"Deceptively spacious and with plenty of period character, this comfortable two bedroom house is situated on a quiet lane in central Bembridge.",,https://www.rightmove.co.uk/properties/155782544#/?channel=RES_BUY,325000,155782544,,for-sale,,Leasehold (40 years),40 years,h,https://www.rightmove.co.uk/properties/155782544#/?channel=RES_BUY,
"[""#/floorplan?activePlan=1&channel=RES_BUY"", ""#/floorplan?activePlan=2&channel=RES_BUY"", ""#/floorplan?channel=RES_BUY""]","Lincoln Way, Bembridge, Isle of Wight, PO35 5QJ","Added on 30/07/2024
 by Clare Maton homes, Bembridge",0,3,"Describes how you own a property. There are different types of tenure - freehold, leasehold, and commonhold.",,GB,GBP,Added on 30/07/2024,"Beautifully presented throughout, this modern home offers naturally bright accommodation throughout and a pretty rear garden. The house has good sized accommodation comprising entrance porch and ...",,https://www.rightmove.co.uk/properties/150806453#/?channel=RES_BUY,320000,150806453,,for-sale,,Leasehold (40 years),40 years,end,https://www.rightmove.co.uk/properties/150806453#/?channel=RES_BUY,
"[""#/floorplan?activePlan=1&channel=RES_BUY"", ""#/floorplan?channel=RES_BUY""]","Church Road, Bembridge, Isle of Wight, PO35 5AA","Added on 27/08/2024
 by Clare Maton homes, Bembridge",0,1,"Describes how you own a property. There are different types of tenure - freehold, leasehold, and commonhold.",,GB,GBP,Added on 27/08/2024,"Situated in a sunny westerly position within a purpose built McCarthy Stone retirement complex, this ground floor apartment offers lovely bright accommodation which overlooks the communal gardens and ...",,https://www.rightmove.co.uk/properties/151781918#/?channel=RES_BUY,300000,151781918,,for-sale,£256.99 per month,Leasehold,,Not specified,https://www.rightmove.co.uk/properties/151781918#/?channel=RES_BUY,
"[""#/floorplan?activePlan=1&channel=RES_BUY"", ""#/floorplan?channel=RES_BUY"", ""https://media.rightmove.co.uk/273k/272798/150717032/272798_S1025589_DOC_00_0000.pdf""]","Silver Sands Court, Bembridge.","Added on 27/07/2024
 by Elliott Lincoln, Covering the Isle of Wight",0,1,"Describes how you own a property. There are different types of tenure - freehold, leasehold, and commonhold.",,GB,GBP,Added on 27/07/2024,Possibly the best location in this sought after development. A one-bedroom apartment enjoying a private patio overlooking the gardens and with direct access to the pavement and village.,,https://www.rightmove.co.uk/properties/150717032#/?channel=RES_BUY,300000,150717032,596sq. ft,for-sale,,Leasehold (40 years),40 years,g,https://www.rightmove.co.uk/properties/150717032#/?channel=RES_BUY,
"[""#/floorplan?activePlan=1&channel=RES_BUY"", ""#/floorplan?channel=RES_BUY"", ""https://media.rightmove.co.uk/12k/11100/159245705/11100_33729890_DOC_02_0004.pdf""]","Culver Down, Sandown","Added on 11/03/2025
 by Megan Baker Estate Agents, Cowes",0,2,"Describes how you own a property. There are different types of tenure - freehold, leasehold, and commonhold.",,GB,GBP,Added on 11/03/2025,"A rare opportunity to purchase one of these Coastguard Cottages on National Trust land on Culver Down. Magnificent, panoramic sea views, positioned at the top of Culver Down. Two bedrooms; two shower rooms; kitchen/dining room and large living room. Garage with parking to the front. Offered chain...",,https://www.rightmove.co.uk/properties/159245705#/?channel=RES_BUY,298000,159245705,,for-sale,£1600 per year,Leasehold (30 years),30 years,end,https://www.rightmove.co.uk/properties/159245705#/?channel=RES_BUY,
"[""#/floorplan?activePlan=1&channel=RES_BUY"", ""#/floorplan?channel=RES_BUY"", ""https://media.rightmove.co.uk/155k/154001/151524344/154001_33314674_DOC_00_0000.pdf""]","Bembridge, Isle of Wight","Reduced on 27/11/2024
 by Spence Willard, Bembridge",0,2,"Describes how you own a property. There are different types of tenure - freehold, leasehold, and commonhold.",,GB,GBP,Reduced on 27/11/2024,"A luxurious, well-equipped two-bedroom apartment within a high quality and centrally located retirement development, in the vibrant coastal village of Bembridge.",,https://www.rightmove.co.uk/properties/151524344#/?channel=RES_BUY,295000,151524344,753sq. ft,for-sale,,Leasehold (40 years),40 years,apa,https://www.rightmove.co.uk/properties/151524344#/?channel=RES_BUY,
"[""#/floorplan?activePlan=1&channel=RES_BUY"", ""#/floorplan?channel=RES_BUY"", ""https://media.rightmove.co.uk/155k/154001/150215795/154001_33233060_DOC_00_0006.pdf""]","Bembridge, Isle of Wight","Added on 13/07/2024
 by Spence Willard, Bembridge",0,3,"Describes how you own a property. There are different types of tenure - freehold, leasehold, and commonhold.",,GB,GBP,Added on 13/07/2024,A light and well presented three bedroom apartment occupying the first floor of this beautiful building on Ducie Avenue only a short walk to the beach.,"£1,700 per year",https://www.rightmove.co.uk/properties/150215795#/?channel=RES_BUY,290000,150215795,753sq. ft,for-sale,"£1,700 per year",Leasehold (40 years),40 years,apa,https://www.rightmove.co.uk/properties/150215795#/?channel=RES_BUY,
"[""#/floorplan?activePlan=1&channel=RES_BUY"", ""#/floorplan?channel=RES_BUY""]","Ducie Avenue, Bembridge, Isle of Wight","Reduced on 16/09/2024
 by Hose Rhodes Dickson, Ryde",0,2,"Describes how you own a property. There are different types of tenure - freehold, leasehold, and commonhold.",,GB,GBP,Reduced on 16/09/2024,A truly delightful Grade II listed ground floor apartment within the tranquil village setting of Bembridge. An ideal opportunity to acquire this superb home within a most sought after and desirable location. The entire accommodation is well proportioned and well-presented with the added benefit o...,,https://www.rightmove.co.uk/properties/149329295#/?channel=RES_BUY,250000,149329295,,for-sale,,Leasehold (40 years),40 years,apa,https://www.rightmove.co.uk/properties/149329295#/?channel=RES_BUY,
"[""#/floorplan?activePlan=1&channel=RES_BUY"", ""#/floorplan?channel=RES_BUY""]","Church Road, Bembridge, Isle of Wight, PO35 5AA","Reduced on 23/09/2024
 by Clare Maton homes, Bembridge",0,1,"Describes how you own a property. There are different types of tenure - freehold, leasehold, and commonhold.",,GB,GBP,Reduced on 23/09/2024,"Situated in the centre of the sought after coastal village of Bembridge, this McCarthy and Stone retirement complex offers luxurious apartments set within beautifully landscaped grounds. Offered ...",,https://www.rightmove.co.uk/properties/151062518#/?channel=RES_BUY,250000,151062518,,for-sale,£256.99 per month,Leasehold,,Not specified,https://www.rightmove.co.uk/properties/151062518#/?channel=RES_BUY,
"[""#/floorplan?activePlan=1&channel=RES_BUY"", ""#/floorplan?channel=RES_BUY"", ""https://media.rightmove.co.uk/155k/154001/147418142/154001_33064094_DOC_00_0000.pdf""]","Bembridge, Isle of Wight","Reduced on 05/07/2024
 by Spence Willard, Bembridge",0,1,"Describes how you own a property. There are different types of tenure - freehold, leasehold, and commonhold.",,GB,GBP,Reduced on 05/07/2024,"A unique opportunity to acquire a houseboat in a stunning location, with a strong holiday letting pedigree.",,https://www.rightmove.co.uk/properties/147418142#/?channel=RES_BUY,249950,147418142,474sq. ft,for-sale,,Leasehold (79 years),79 years,h,https://www.rightmove.co.uk/properties/147418142#/?channel=RES_BUY,
"[""#/floorplan?activePlan=1&channel=RES_BUY"", ""#/floorplan?channel=RES_BUY"", ""https://www.pittis.co.uk/for-sale/3-bedroom-bungalow-in-bembridge/60425867?utm_source=Rightmove&utm_medium=web&utm_campaign=brochure#brochure""]","Pelham Close, Bembridge, Isle of Wight","Added on 15/02/2025
 by Homewise, South East",0,3,"Describes how you own a property. There are different types of tenure - freehold, leasehold, and commonhold.",,GB,GBP,Added on 15/02/2025,"Guide price for a Home for Life Lifetime Lease for OVER 60s tailored to your personal circumstances and requirements. Your price may vary. OVER 60s could benefit from SAVINGS of up to 59% from the market value with a one-off payment for a Lifetime Lease on this property. £247,500 GUIDE PRIC...",,https://www.rightmove.co.uk/properties/158301965#/?channel=RES_BUY,247500,158301965,,for-sale,,Leasehold (50 years),50 years,detached bungal,https://www.rightmove.co.uk/properties/158301965#/?channel=RES_BUY,
"[""#/floorplan?activePlan=1&channel=RES_BUY"", ""#/floorplan?channel=RES_BUY""]","Church Road, Bembridge, Isle of Wight, PO35 5AA","Reduced on 10/09/2024
 by Clare Maton homes, Bembridge",0,1,"Describes how you own a property. There are different types of tenure - freehold, leasehold, and commonhold.",,GB,GBP,Reduced on 10/09/2024,"This purpose built retirement apartment is situated within Silver Sands Court, a luxurious McCarthy Stone development located right in the heart of Bembridge village, offering independent living with ...",,https://www.rightmove.co.uk/properties/143656628#/?channel=RES_BUY,240000,143656628,,for-sale,£236.74 per month,Leasehold,,Not specified,https://www.rightmove.co.uk/properties/143656628#/?channel=RES_BUY,
"[""#/floorplan?activePlan=1&channel=RES_BUY"", ""#/floorplan?channel=RES_BUY""]","Lane End Road, Bembridge, Isle of Wight, PO35 5SU","Added on 03/02/2025
 by Clare Maton homes, Bembridge",0,2,"Describes how you own a property. There are different types of tenure - freehold, leasehold, and commonhold.",,GB,GBP,Added on 03/02/2025,"Situated within a sought after area of Bembridge, this ground floor apartment is located a short walk from the local beaches at Lane End and Forelands, and is within easy walking distance of the local...",£10 per annum,https://www.rightmove.co.uk/properties/157704740#/?channel=RES_BUY,240000,157704740,,for-sale,,Leasehold (40 years),40 years,Not specified,https://www.rightmove.co.uk/properties/157704740#/?channel=RES_BUY,
"[""#/floorplan?activePlan=1&channel=RES_BUY"", ""#/floorplan?channel=RES_BUY"", ""https://media.rightmove.co.uk/182k/181997/147822131/181997_33087188_DOC_02_0006.pdf""]","Silver Sands Court, Church Road, Bembridge, Isle of Wight, PO35 5AA","Reduced on 09/09/2024
 by McCarthy & Stone Resales, Bournemouth",0,1,"Describes how you own a property. There are different types of tenure - freehold, leasehold, and commonhold.",,GB,GBP,Reduced on 09/09/2024,SIMPLY STUNNING one bedded Retirement Apartment set in the PICTURESQUE Silver Sands Court ~expertly designed for independent retirement living~,£425 per year,https://www.rightmove.co.uk/properties/147822131#/?channel=RES_BUY,240000,147822131,,for-sale,,Leasehold (60 years),60 years,apa,https://www.rightmove.co.uk/properties/147822131#/?channel=RES_BUY,
"[""#/floorplan?activePlan=1&channel=RES_BUY"", ""#/floorplan?channel=RES_BUY"", ""https://media.rightmove.co.uk/155k/154001/156676817/154001_33593884_DOC_00_0000.pdf""]","Bembridge, Isle of Wight","Added on 09/01/2025
 by Spence Willard, Bembridge",0,1,"Describes how you own a property. There are different types of tenure - freehold, leasehold, and commonhold.",,GB,GBP,Added on 09/01/2025,"Elegant Georgian apartment with harbour views, off road parking and a sought-after location in Bembridge village.",,https://www.rightmove.co.uk/properties/156676817#/?channel=RES_BUY,225000,156676817,613sq. ft,for-sale,,Freehold,,apa,https://www.rightmove.co.uk/properties/156676817#/?channel=RES_BUY,
"[""#/floorplan?activePlan=1&channel=RES_BUY"", ""#/floorplan?activePlan=2&channel=RES_BUY"", ""#/floorplan?channel=RES_BUY"", ""https://media.rightmove.co.uk/155k/154001/159044576/154001_33718776_DOC_00_0000.pdf""]","Bembridge, Isle of Wight","Added on 05/03/2025
 by Spence Willard, Bembridge",0,1,"Describes how you own a property. There are different types of tenure - freehold, leasehold, and commonhold.",B,GB,GBP,Added on 05/03/2025,"A one bedroom apartment with impressive specification, set within a purpose built complex in a central village location, with excellent access to amenities and the beach.",,https://www.rightmove.co.uk/properties/159044576#/?channel=RES_BUY,220000,159044576,560sq. ft,for-sale,,Leasehold (40 years),40 years,apa,https://www.rightmove.co.uk/properties/159044576#/?channel=RES_BUY,
"[""#/floorplan?activePlan=1&channel=RES_BUY"", ""#/floorplan?channel=RES_BUY""]","High Street, Bembridge, Isle of Wight, PO35 5SN","Added on 05/07/2024
 by Clare Maton homes, Bembridge",0,2,"Describes how you own a property. There are different types of tenure - freehold, leasehold, and commonhold.",,GB,GBP,Added on 05/07/2024,"Offered for sale chain free, this ground floor apartment is located in a highly sought after position in the centre of the village with all of the village amenities right on the doorstep. The apa...",,https://www.rightmove.co.uk/properties/149909987#/?channel=RES_BUY,200000,149909987,,for-sale,,Freehold,,apa,https://www.rightmove.co.uk/properties/149909987#/?channel=RES_BUY,
"[""#/floorplan?activePlan=1&channel=RES_BUY"", ""#/floorplan?channel=RES_BUY""]","Steyne Road, Bembridge, Isle of Wight, PO35 5XH","Added on 24/08/2024
 by Clare Maton homes, Bembridge",0,2,"Describes how you own a property. There are different types of tenure - freehold, leasehold, and commonhold.",,GB,GBP,Added on 24/08/2024,"Offered for sale chain free, this first floor apartment is conveniently located for easy access to both the village centre and the shops on Lane End, as well as being just a short stroll to the beache...",,https://www.rightmove.co.uk/properties/151713485#/?channel=RES_BUY,195000,151713485,,for-sale,,Freehold,,Not specified,https://www.rightmove.co.uk/properties/151713485#/?channel=RES_BUY,
"[""#/floorplan?activePlan=1&channel=RES_BUY"", ""#/floorplan?channel=RES_BUY"", ""https://media.rightmove.co.uk/273k/272798/152088707/272798_S1065040_DOC_00_0002.pdf""]","High Street, Bembridge, Isle of Wight.","Reduced on 30/01/2025
 by Elliott Lincoln, Covering the Isle of Wight",0,2,"Describes how you own a property. There are different types of tenure - freehold, leasehold, and commonhold.",,GB,GBP,Reduced on 30/01/2025,"A delightful two-bedroom apartment, perfectly positioned in the heart of Bembridge Village. Situated on the first floor of a charming small block development, this spacious and light-filled property offers the best of village living and is nicely tucked away.",,https://www.rightmove.co.uk/properties/152088707#/?channel=RES_BUY,190000,152088707,,for-sale,,Leasehold (40 years),40 years,Not specified,https://www.rightmove.co.uk/properties/152088707#/?channel=RES_BUY,
"[""#/floorplan?activePlan=1&channel=RES_BUY"", ""#/floorplan?channel=RES_BUY""]","Steyne Road, Bembridge, Isle of Wight, PO35 5XH","Reduced on 28/10/2024
 by Clare Maton homes, Bembridge",0,2,"Describes how you own a property. There are different types of tenure - freehold, leasehold, and commonhold.",,GB,GBP,Reduced on 28/10/2024,"This first floor apartment is situated in a very convenient, central village location which is within easy walking distance of both the shops on Lane End and the shops and amenities in the village cen...",,https://www.rightmove.co.uk/properties/131837012#/?channel=RES_BUY,185000,131837012,,for-sale,,Leasehold (40 years),40 years,Not specified,https://www.rightmove.co.uk/properties/131837012#/?channel=RES_BUY,
,"Bembridge, Isle of Wight","Reduced on 06/01/2025
 by Spence Willard, Bembridge",0,1,,,,,Reduced on 06/01/2025,A modern and well-equipped one bedroom apartment in the village centre and close to amenities of Bembridge.,,https://www.rightmove.co.uk/properties/153833339#/?channel=RES_BUY,179950,153833339,,for-sale,,,,apa,https://www.rightmove.co.uk/properties/153833339#/?channel=RES_BUY,
"[""#/floorplan?activePlan=1&channel=RES_BUY"", ""#/floorplan?channel=RES_BUY""]","High Street, Bembridge, PO35","Reduced on 07/03/2025
 by Watson Bull & Porter, Ryde",0,2,"Describes how you own a property. There are different types of tenure - freehold, leasehold, and commonhold.",,GB,GBP,Reduced on 07/03/2025,"Set in the sought after location of Bembridge Village is this 2 bedroom maisonette with its own private garden. The property would make an ideal holiday home as it is close to the village amenities, the sailing club, bus route and the beach. The property has its own private entrance leading to t...",£600 per year,https://www.rightmove.co.uk/properties/157151306#/?channel=RES_BUY,160000,157151306,,for-sale,,Leasehold (82 years),82 years,Not specified,https://www.rightmove.co.uk/properties/157151306#/?channel=RES_BUY,
"[""#/floorplan?activePlan=1&channel=RES_BUY"", ""#/floorplan?channel=RES_BUY"", ""https://www.pittis.co.uk/for-sale/1-bedroom-bungalow-in-bembridge/60426606?utm_source=Rightmove&utm_medium=web&utm_campaign=brochure#brochure""]","Swains Road, Bembridge, Isle of Wight","Added on 22/01/2025
 by Pittis, Ryde",0,1,"Describes how you own a property. There are different types of tenure - freehold, leasehold, and commonhold.",,GB,GBP,Added on 22/01/2025,"Chain Free! This wonderful retirement bungalow is situated within an assisted living complex, in the popular village of Bembridge. The property itself offers a private patio, nice living space and built in storage. Outside are mature communal gardens and laundry room. With the village amenities a...",,https://www.rightmove.co.uk/properties/157179692#/?channel=RES_BUY,120000,157179692,,for-sale,,Leasehold (40 years),40 years,te,https://www.rightmove.co.uk/properties/157179692#/?channel=RES_BUY,Available (link not found)
"[""#/floorplan?activePlan=1&channel=RES_BUY"", ""#/floorplan?channel=RES_BUY"", ""https://www.pittis.co.uk/for-sale/1-bedroom-bungalow-in-bembridge/60426652?utm_source=Rightmove&utm_medium=web&utm_campaign=brochure#brochure""]","Swains Road, Bembridge, Isle of Wight","Added on 14/03/2025
 by Pittis, Ryde",0,1,"Describes how you own a property. There are different types of tenure - freehold, leasehold, and commonhold.",,GB,GBP,Added on 14/03/2025,"This over 55's semi-detached bungalow is situated in a quiet location. With access to an onsite laundry room, and a suite for visitors to stay in. Located in Bembridge this home offers a village lifestyle with local amenities on your doorstep. Viewings are a must!",,https://www.rightmove.co.uk/properties/159425255#/?channel=RES_BUY,120000,159425255,,for-sale,,Leasehold (40 years),40 years,semi-detached bungal,https://www.rightmove.co.uk/properties/159425255#/?channel=RES_BUY,Available (link not found)
"[""#/floorplan?activePlan=1&channel=RES_BUY"", ""#/floorplan?channel=RES_BUY"", ""https://www.pittis.co.uk/for-sale/1-bedroom-bungalow-in-bembridge/60426652?utm_source=Rightmove&utm_medium=web&utm_campaign=brochure#brochure""]","Swains Road, Bembridge, Isle of Wight","Added on 14/03/2025
 by Homewise, South East",0,1,"Describes how you own a property. There are different types of tenure - freehold, leasehold, and commonhold.",,GB,GBP,Added on 14/03/2025,"Guide price for a Home for Life Lifetime Lease for OVER 60s tailored to your personal circumstances and requirements. Your price may vary. OVER 60s could benefit from SAVINGS of up to 59% from the market value with a one-off payment for a Lifetime Lease on this property. £79,750 GUIDE PRICE...",,https://www.rightmove.co.uk/properties/159426962#/?channel=RES_BUY,79750,159426962,,for-sale,,Leasehold (50 years),50 years,semi-detached bungal,https://www.rightmove.co.uk/properties/159426962#/?channel=RES_BUY,
"[""#/floorplan?activePlan=1&channel=RES_BUY"", ""#/floorplan?channel=RES_BUY"", ""https://www.pittis.co.uk/for-sale/1-bedroom-bungalow-in-bembridge/60426606?utm_source=Rightmove&utm_medium=web&utm_campaign=brochure#brochure""]","Swains Road, Bembridge, Isle of Wight","Added on 22/01/2025
 by Homewise, South East",0,1,"Describes how you own a property. There are different types of tenure - freehold, leasehold, and commonhold.",,GB,GBP,Added on 22/01/2025,"Guide price for a Home for Life Lifetime Lease for OVER 60s tailored to your personal circumstances and requirements. Your price may vary. OVER 60s could benefit from SAVINGS of up to 59% from the market value with a one-off payment for a Lifetime Lease on this property. £79,250 GUIDE PRICE...",,https://www.rightmove.co.uk/properties/157206740#/?channel=RES_BUY,79250,157206740,,for-sale,,Leasehold (50 years),50 years,te,https://www.rightmove.co.uk/properties/157206740#/?channel=RES_BUY,
"[""https://media.rightmove.co.uk/239k/238130/152750687/238130_12490585_DOC_01_0000.pdf""]","Love Lane, Bembridge","Marketed by Red Squirrel Property Shop, Newport",0,0,,,GB,GBP,,"An opportunity to acquire a section of woodland in the sought after area of Love Lane, Bembridge. The woodland has Class BC prior notification for camping or motorhome use on the site. The current 60 day period for these uses expires on the 23rd September 2024. The plot size is 653m2. The ...",,https://www.rightmove.co.uk/properties/152750687#/?channel=COM_BUY,40000,152750687,,for-sale,,FREEHOLD,,Not specified,https://www.rightmove.co.uk/properties/152750687#/?channel=COM_BUY,
,PS-140624 – Sandhills Caravan Park,"Reduced on 19/09/2024
 by Harvey Longsons, Swaffham",0,2,"Describes how you own a property. There are different types of tenure - freehold, leasehold, and commonhold.",,GB,GBP,Reduced on 19/09/2024,"*PRIVATE SALE* On a beautiful site over looking the bay at Whitecliff, a family run site, very reasonable pitch fees, lots of space. Modern van only a year old,costing us £70k, they are still going for 65k. Car parking outside your van, decking and gate, electric fire a centrally heated, lovel...",,https://www.rightmove.co.uk/properties/152641061#/?channel=RES_BUY,40000,152641061,,for-sale,,freehold,,ca,https://www.rightmove.co.uk/properties/152641061#/?channel=RES_BUY,
,"Whitecliff Bay Holiday Park, Hillway Road, Bembridge, Isle of Wight PO35 5PL","Reduced on 06/03/2025
 by Sell My Group, Lytham",0,3,"Describes how you own a property. There are different types of tenure - freehold, leasehold, and commonhold.",,GB,GBP,Reduced on 06/03/2025,"This preloved and luxurious holiday home makes the ideal family retreat, boasting a spacious lounge area which is expertly equipped to withstand busy family life. Cosy and plush furnishings promise to switch you into holiday mode and sit back to enjoy the stunning backdrop of Whitecliff Bay holiday",,https://www.rightmove.co.uk/properties/159068090#/?channel=RES_BUY,39995,159068090,,for-sale,,Leasehold (40 years),40 years,l,https://www.rightmove.co.uk/properties/159068090#/?channel=RES_BUY,
,"Whitecliff Bay Holiday Park, Hillway Road, Bembridge, Isle of Wight PO35 5PL","Added on 14/03/2025
 by Sell My Group, Lytham",0,3,"Describes how you own a property. There are different types of tenure - freehold, leasehold, and commonhold.",,GB,GBP,Added on 14/03/2025,"AKA: Linda Much-loved design – neutral colours, so you can decorate however you like (or just leave it as is)  Modern finishes – tasteful fabrics, because no one wants their home to look like a bargain bin  Practical kitchen – easy to clean, because who has time to was",,https://www.rightmove.co.uk/properties/159385523#/?channel=RES_BUY,33995,159385523,,for-sale,,Leasehold (40 years),40 years,l,https://www.rightmove.co.uk/properties/159385523#/?channel=RES_BUY,
"[""#/floorplan?activePlan=1&channel=RES_BUY"", ""#/floorplan?channel=RES_BUY""]","Hillway Road, Bembridge, Isle of Wight, PO35","Reduced on 06/08/2024
 by Watson Bull & Porter, Ryde",0,3,"Describes how you own a property. There are different types of tenure - freehold, leasehold, and commonhold.",,GB,GBP,Reduced on 06/08/2024,"Offered to the market as CHAIN FREE is this immaculately presented, 3-bedroom park home is conveniently located in one of the Islands most popular tourist destinations. The holiday home has its own parking and an additional storage box (optional for new owner), and is tucked away in a...",,https://www.rightmove.co.uk/properties/149045978#/?channel=RES_BUY,22500,149045978,,for-sale,,Leasehold (40 years),40 years,detached h,https://www.rightmove.co.uk/properties/149045978#/?channel=RES_BUY,
,"Caulkers Rest, Whitecliff Holiday Park, Bembridge, Isle Of Wight, PO35","Reduced on 09/08/2024
 by Watson Bull & Porter, Ryde",0,3,"Describes how you own a property. There are different types of tenure - freehold, leasehold, and commonhold.",,GB,GBP,Reduced on 09/08/2024,"This 3 bedroom, 'Abi Horizon' model park home is ideally located on Whitecliff Holiday Park close to the all the amenities of the site. This is a perfect holiday home that sleeps 8 in total and has been successfully used for holiday lets for the past few years. Parking is also located very close ...",,https://www.rightmove.co.uk/properties/145513661#/?channel=RES_BUY,15995,145513661,,for-sale,,Leasehold,,pa,https://www.rightmove.co.uk/properties/145513661#/?channel=RES_BUY,
,,,0,0,,,,,,,,,,,,for-sale,,,,Not specified,,
